x,35 amp sikring,2 amp sikring,4 amp sikring,6 amp sikring,10 amp sikring,16 amp sikring,20 amp sikring,25 amp sikring,50 amp sikring,63 amp sikring,80 amp sikring,100 amp sikring
"4,1317,""8,874e+16"",""3102,2"",""1,1979e+10"",""2,4669e+08"",""3,1011e+09"",""2,5371e-35"",0,0,""1,0432e+11"",""2,4463e+13"",""1,3311e-96"",0"
"4,237,""6,356e+16"",""1620,1"",""6,774e+09"",""1,9718e+08"",""2,4703e+09"",""1,1174e-34"",0,0,""9,059e+10"",""2,0256e+13"",""1,0068e-95"",0"
"4,3441,""4,564e+16"",724,""3,8478e+09"",""1,5778e+08"",""1,971e+09"",""4,86e-34"",0,0,""7,875e+10"",""1,6795e+13"",""7,494e-95"",0"
"4,4547,""3,2702e+16"",""378,1"",""2,1772e+09"",""1,2597e+08"",""1,5698e+09"",""2,1334e-33"",0,0,""6,839e+10"",""1,3907e+13"",""5,655e-94"",0"
"4,6277,""1,9737e+16"",""197,46"",""9,192e+08"",""8,947e+07"",""1,1118e+09"",""2,0001e-32"",0,0,""5,522e+10"",""1,0449e+13"",""1,2064e-92"",0"
"4,6691,""1,754e+16"",""125,07"",""7,515e+08"",""8,257e+07"",""1,0257e+09"",""3,3734e-32"",0,0,""5,253e+10"",""9,773e+12"",""2,4665e-92"",0"
"4,8393,""1,0919e+16"",""57,01"",""3,3457e+08"",""5,977e+07"",""7,416e+08"",""2,7498e-31"",0,0,""4,296e+10"",""7,47e+12"",""4,36e-91"",0"
"4,9756,""7,562e+15"",""28,9"",""1,7873e+08"",""4,647e+07"",""5,766e+08"",""1,3959e-30"",0,0,""3,6758e+10"",""6,065e+12"",""4,039e-90"",0"
"5,1995,""4,226e+15"",""13,723"",""6,623e+07"",""3,1135e+07"",""3,8683e+08"",""1,8243e-29"",0,0,""2,8704e+10"",""4,36e+12"",""1,3718e-88"",0"
"5,4565,""2,235e+15"",""7,367"",""2,2357e+07"",""2,0017e+07"",""2,4969e+08"",""3,0297e-28"",0,0,""2,1887e+10"",""3,0358e+12"",""6,508e-87"",0"
"5,5957,""1,6027e+15"",""4,682"",""1,2688e+07"",""1,5871e+07"",""1,9861e+08"",""1,311e-27"",0,0,""1,8994e+10"",""2,5128e+12"",""4,879e-86"",0"
"5,6109,""1,5464e+15"",""4,223"",""1,194e+07"",""1,5479e+07"",""1,9379e+08"",""1,5342e-27"",0,0,""1,8707e+10"",""2,4623e+12"",""6,058e-86"",0"
"5,8131,""9,697e+14"",""2,4454"",""5,396e+06"",""1,1155e+07"",""1,4049e+08"",""1,1955e-26"",0,0,""1,533e+10"",""1,8881e+12"",""1,0233e-84"",0"
"5,9821,""6,647e+14"",""1,4812"",""2,84e+06"",""8,543e+06"",""1,0826e+08"",""6,284e-26"",0,0,""1,3046e+10"",""1,5228e+12"",""1,0079e-83"",0"
"6,275,""3,5437e+14"",""0,8211"",""9,771e+05"",""5,458e+06"",""7,009e+07"",""9,921e-25"",0,0,""9,969e+09"",""1,0641e+12"",""4,548e-82"",0"
"6,4839,""2,3036e+14"",""0,5923"",""4,716e+05"",""4,005e+06"",""5,201e+07"",""6,54e-24"",0,0,""8,29e+09"",""8,323e+11"",""6,172e-81"",0"
"6,7773,""1,2882e+14"",""0,4401"",""1,7709e+05"",""2,626e+06"",""3,4746e+07"",""8,298e-23"",0,0,""6,46e+09"",""5,972e+11"",""2,0847e-79"",0"
"6,9448,""9,35e+13"",""0,32321"",""1,0349e+05"",""2,0763e+06"",""2,7809e+07"",""3,3578e-22"",0,0,""5,63e+09"",""4,973e+11"",""1,4505e-78"",0"
"7,1156,""6,799e+13"",""0,2744"",""6,082e+04"",""1,641e+06"",""2,2278e+07"",""1,3459e-21"",0,0,""4,909e+09"",""4,145e+11"",""9,983e-78"",0"
"7,3198,""4,693e+13"",""0,23589"",32909,""1,2449e+06"",""1,7203e+07"",""6,757e-21"",0,0,""4,185e+09"",""3,3525e+11"",""9,427e-77"",0"
"7,5005,""3,4101e+13"",""0,19942"",19509,""9,791e+05"",""1,3766e+07"",""2,7048e-20"",0,0,""3,6472e+09"",""2,7924e+11"",""6,513e-76"",0"
"8,212,""1,0434e+13"",""0,12333"",3442,""3,93e+05"",""6,004e+06"",""4,556e-18"",0,0,""2,1867e+09"",""1,4157e+11"",""8,466e-73"",0"
"8,531,""6,347e+12"",""0,10128"",""1797,6"",""2,6448e+05"",""4,232e+06"",""3,879e-17"",0,0,""1,7632e+09"",""1,0639e+11"",""1,7157e-71"",0"
"8,575,""5,936e+12"",""0,09865"",""1623,7"",""2,5055e+05"",""4,037e+06"",""5,175e-17"",0,0,""1,7127e+09"",""1,0237e+11"",""2,5737e-71"",0"
"9,003,""3,1481e+12"",""0,07844"",""603,1"",""1,4858e+05"",""2,5793e+06"",""7,874e-16"",0,0,""1,3004e+09"",""7,106e+10"",""1,1971e-69"",0"
"9,204,""2,362e+12"",""0,07181"",""388,05"",""1,1643e+05"",""2,1044e+06"",""2,6922e-15"",0,0,""1,1476e+09"",""6,022e+10"",""6,815e-69"",0"
"9,561,""1,4398e+12"",""0,06226"",""202,66"",""7,547e+04"",""1,4807e+06"",""2,2259e-14"",0,0,""9,25e+08"",""4,526e+10"",""1,3648e-67"",0"
"9,647,""1,2831e+12"",""0,06037"",""171,45"",""6,802e+04"",""1,3641e+06"",""3,6359e-14"",0,0,""8,797e+08"",""4,235e+10"",""2,7424e-67"",0"
"10,581,""3,8713e+11"",""0,04596"",""29,627"",20739,""5,79e+05"",""5,805e-12"",0,0,""5,208e+08"",""2,1174e+10"",""3,8848e-64"",0"
"10,679,""3,4383e+11"",""0,04496"",""25,309"",18126,""5,316e+05"",""9,562e-12"",0,0,""4,944e+08"",""1,9767e+10"",""7,969e-64"",0"
"10,992,""2,3664e+11"",""0,04228"",""15,473"",11406,""4,061e+05"",""4,587e-11"",0,0,""4,196e+08"",""1,5915e+10"",""7,657e-63"",0"
"11,057,""2,1935e+11"",""0,04179"",""9,322"",10280,""3,8448e+05"",""6,302e-11"",0,0,""4,058e+08"",""1,523e+10"",""1,2125e-62"",0"
"11,645,""1,1254e+11"",""0,037281"",""5,139"",""3139,4"",""2,3696e+05"",""1,0176e-09"",0,0,""3,0245e+08"",""1,0333e+10"",""6,911e-61"",0"
"11,65,""1,1192e+11"",""0,037238"",""5,114"",""3102,2"",""2,3601e+05"",""1,0412e-09"",0,0,""3,0171e+08"",""1,03e+10"",""7,147e-61"",0"
"11,712,""1,0452e+11"",""0,036696"",""4,806"",""2679,6"",""2,2455e+05"",""1,3827e-09"",0,0,""2,9275e+08"",""9,898e+09"",""1,0814e-60"",0"
"11,86,""8,891e+10"",""0,035367"",""3,4729"",""1927,1"",""1,9956e+05"",""2,7022e-09"",0,0,""2,7257e+08"",""9,008e+09"",""2,8817e-60"",0"
"11,947,""8,099e+10"",""0,034585"",""3,1366"",""1620,1"",""1,864e+05"",""3,976e-09"",0,0,""2,6155e+08"",""8,532e+09"",""5,074e-60"",0"
"12,167,""6,404e+10"",""0,032632"",""2,5097"",""1109,2"",""1,5697e+05"",""1,0472e-08"",0,0,""2,3576e+08"",""7,441e+09"",""2,105e-59"",0"
"12,41,""4,968e+10"",""0,030627"",""1,802"",""803,3"",""1,3027e+05"",""2,9728e-08"",0,0,""2,1069e+08"",""6,416e+09"",""9,805e-59"",0"
"12,64,""3,927e+10"",""0,028936"",""1,3107"",""631,7"",""1,0954e+05"",""7,784e-08"",0,0,""1,8983e+08"",""5,593e+09"",""4,077e-58"",0"
"12,825,""3,2594e+10"",""0,027741"",""1,0549"",529,""9,544e+04"",""1,6653e-07"",0,0,""1,7475e+08"",""5,016e+09"",""1,2622e-57"",0"
"13,06,""2,5825e+10"",""0,026442"",""0,8336"",""419,5"",""8,029e+04"",""4,29e-07"",0,0,""1,5757e+08"",""4,378e+09"",""5,178e-57"",0"
"13,132,""2,4062e+10"",""0,026084"",""0,7795"",""387,98"",""7,617e+04"",""5,713e-07"",0,0,""1,5269e+08"",""4,2e+09"",""7,95e-57"",0"
"13,56,""1,5983e+10"",""0,024246"",""0,5633"",""227,27"",""5,61e+04"",""2,9755e-06"",0,0,""1,2725e+08"",""3,305e+09"",""9,504e-56"",0"
"13,568,""1,5861e+10"",""0,024214"",""0,5608"",""224,86"",""5,577e+04"",""3,0682e-06"",0,0,""1,2682e+08"",""3,2903e+09"",""9,956e-56"",0"
"14,135,""9,411e+09"",""0,022171"",""0,4284"",""130,44"",37588,""2,465e-05"",0,0,""1,0043e+08"",""2,4219e+09"",""2,3628e-54"",0"
"14,184,""9,005e+09"",""0,022"",""0,4178"",""125,77"",36344,""2,937e-05"",0,0,""9,847e+07"",""2,3598e+09"",""3,0895e-54"",0"
"14,279,""8,272e+09"",""0,021668"",""0,397"",""117,43"",34066,""4,109e-05"",0,0,""9,48e+07"",""2,245e+09"",""5,17e-54"",0"
"14,74,""5,521e+09"",""0,020076"",""0,29419"",""85,91"",24958,""0,00020141"",0,0,""7,907e+07"",""1,7695e+09"",""6,017e-53"",0"
"15,465,""3,002e+09"",""0,017831"",""0,20539"",""54,78"",15460,""0,0021296"",""1,3042e-284"",0,""6,01e+07"",""1,2351e+09"",""2,4363e-51"",0"
"15,517,""2,8776e+09"",""0,017688"",""0,20184"",""53,13"",14945,""0,0025038"",""1,8363e-280"",0,""5,897e+07"",""1,2046e+09"",""3,1503e-51"",0"
"16,231,""1,6298e+09"",""0,015903"",""0,16263"",""35,537"",9375,""0,021464"",""2,085e-228"",0,""4,56e+07"",""8,603e+08"",""9,982e-50"",0"
"17,381,""6,888e+08"",""0,013532"",""0,11927"",""20,395"",4217,""0,4963"",""5,323e-162"",""3,1225e-321"",""3,0816e+07"",""5,156e+08"",""1,8854e-47"",0"
"17,53,""6,186e+08"",""0,013255"",""0,11466"",""19,048"",3751,""0,7258"",""1,0456e-154"",""3,5115e-311"",""2,934e+07"",""4,836e+08"",""3,628e-47"",0"
"17,638,""5,728e+08"",""0,013059"",""0,11142"",""18,113"",3442,""0,9512"",""1,3014e-149"",""4,19e-304"",""2,8325e+07"",""4,619e+08"",""5,799e-47"",0"
"17,651,""5,675e+08"",""0,013035"",""0,11103"",""18,003"",""3406,6"",""0,9825"",""5,229e-149"",""2,9125e-303"",""2,8206e+07"",""4,593e+08"",""6,134e-47"",0"
"18,562,""3,0249e+08"",""0,011508"",""0,08634"",""11,877"",""1797,6"",""8,382"",""2,181e-111"",""2,6331e-249"",""2,1133e+07"",""3,1525e+08"",""2,8439e-45"",0"
"18,826,""2,5375e+08"",""0,01111"",""0,08129"",""10,653"",""1534,6"",""14,889"",""4,393e-102"",""2,0478e-235"",""1,9491e+07"",""2,8371e+08"",""8,309e-45"",0"
"18,934,""2,3633e+08"",""0,010953"",""0,07949"",""10,21"",""1440,9"",""18,723"",""1,8468e-98"",""6,207e-230"",""1,8862e+07"",""2,7185e+08"",""1,2827e-44"",0"
"19,662,""1,4779e+08"",""0,009973"",""0,06945"",""7,851"",""956,2"",""80,29"",""1,5271e-76"",""9,172e-196"",""1,5181e+07"",""2,0496e+08"",""2,2571e-43"",0"
"20,172,""1,0767e+08"",""0,009367"",""0,06373"",""6,651"",724,""200,84"",""1,246e-63"",""1,2641e-174"",""1,3104e+07"",""1,693e+08"",""1,5661e-42"",0"
"20,827,""7,256e+07"",""0,008671"",""0,05737"",""5,444"",""503,2"",""573,1"",""1,5774e-49"",""2,3171e-150"",""1,0901e+07"",""1,3332e+08"",""1,7551e-41"",0"
"20,985,""6,611e+07"",""0,008516"",""0,05597"",""5,195"",""466,9"",""720,8"",""1,646e-46"",""5,742e-145"",""1,0437e+07"",""1,26e+08"",""3,1042e-41"",0"
"21,008,""6,52e+07"",""0,008494"",""0,05577"",""5,159"",""461,8"",""745,2"",""4,512e-46"",""3,5365e-144"",""1,037e+07"",""1,2495e+08"",""3,3782e-41"",0"
"22,205,""3,305e+07"",""0,007474"",""0,04663"",""3,6788"",""269,71"",""2971,6"",""1,9114e-27"",""1,5451e-108"",""7,534e+06"",""8,261e+07"",""2,1872e-39"",0"
"23,139,""1,9994e+07"",""0,006844"",""0,04094"",""2,8723"",""176,92"",5284,""4,4e-17"",""4,519e-86"",""5,937e+06"",""6,071e+07"",""4,822e-38"",0"
"23,26,""1,8769e+07"",""0,006773"",""0,04028"",""2,7846"",""167,78"",5476,""5,747e-16"",""1,8097e-83"",""5,761e+06"",""5,839e+07"",""7,118e-38"",0"
"23,673,""1,5161e+07"",""0,006548"",""0,038157"",""2,5081"",""140,86"",5757,""1,7277e-12"",""4,883e-75"",""5,204e+06"",""5,12e+07"",""2,6551e-37"",0"
"24,058,""1,247e+07"",""0,006359"",""0,036324"",""2,2785"",""120,98"",5453,""1,1108e-09"",""8,631e-68"",""4,739e+06"",""4,538e+07"",""8,874e-37"",0"
"25,026,""7,753e+06"",""0,005947"",""0,032277"",""1,7974"",""85,48"",3442,""0,00031204"",""5,654e-52"",""3,7701e+06"",""3,3802e+07"",""1,6802e-35"",0"
"25,24,""7,001e+06"",""0,005862"",""0,031477"",""1,7059"",""79,53"",""3042,8"",""0,0026825"",""6,695e-49"",""3,5885e+06"",""3,1723e+07"",""3,163e-35"",0"
"25,781,""5,431e+06"",""0,005649"",""0,029583"",""1,4926"",""66,59"",""2347,9"",""0,26612"",""9,953e-42"",""3,1725e+06"",""2,7075e+07"",""1,5294e-34"",0"
"25,838,""5,291e+06"",""0,005627"",""0,029394"",""1,4715"",""65,4"",""2300,9"",""0,4035"",""5,021e-41"",""3,1323e+06"",""2,6635e+07"",""1,8e-34"",0"
"26,283,""4,316e+06"",""0,00545"",""0,027978"",""1,3135"",""56,95"",""2033,3"",""7,216"",""8,434e-36"",""2,8361e+06"",""2,3445e+07"",""6,389e-34"",0"
"26,681,""3,6108e+06"",""0,005291"",""0,0268"",""1,1869"",""50,67"",""1797,6"",""55,87"",""1,4764e-31"",""2,5989e+06"",""2,096e+07"",""1,9412e-33"",0"
"26,741,""3,5161e+06"",""0,005267"",""0,02663"",""1,1693"",""49,82"",""1748,9"",""73,12"",""5,963e-31"",""2,5652e+06"",""2,0612e+07"",""2,2912e-33"",0"
"27,369,""2,6719e+06"",""0,005021"",""0,024937"",""1,0083"",""42,07"",""1217,4"",""711,6"",""4,492e-25"",""2,2409e+06"",""1,7333e+07"",""1,2727e-32"",0"
"27,849,""2,1767e+06"",""0,004839"",""0,023752"",""0,911"",""37,19"",""1025,5"",2258,""3,954e-21"",""2,0246e+06"",""1,5222e+07"",""4,593e-32"",0"
"28,332,""1,7792e+06"",""0,004664"",""0,022648"",""0,8295"",""32,872"",""879,7"",4749,""1,3276e-17"",""1,8313e+06"",""1,3389e+07"",""1,6278e-31"",0"
"28,441,""1,7011e+06"",""0,004626"",""0,02241"",""0,8127"",""31,966"",""846,1"",5344,""7,274e-17"",""1,7907e+06"",""1,3011e+07"",""2,1584e-31"",0"
"28,825,""1,4544e+06"",""0,004494"",""0,021602"",""0,7577"",""28,978"",""719,7"",7625,""2,0417e-14"",""1,6558e+06"",""1,1772e+07"",""5,782e-31"",0"
"29,364,""1,1728e+06"",""0,004319"",""0,020546"",""0,6891"",""25,344"",573,6184,""2,2791e-11"",""1,4859e+06"",""1,0253e+07"",""2,247e-30"",0"
"30,323,""8,094e+05"",""0,00404"",""0,018853"",""0,586"",""20,305"",""453,5"",4507,""6,247e-07"",""1,2312e+06"",""8,069e+06"",""2,3516e-29"",0"
"30,397,""7,869e+05"",""0,00402"",""0,01873"",""0,5788"",""19,979"",""443,6"",4402,""1,2382e-06"",""1,2136e+06"",""7,923e+06"",""2,8124e-29"",0"
"30,999,""6,286e+05"",""0,0038732"",""0,017779"",""0,5241"",""17,619"",""356,34"",""3651,8"",""0,00018693"",""1,0817e+06"",""6,845e+06"",""1,1754e-28"",0"
"31,193,""5,854e+05"",""0,0038301"",""0,017487"",""0,5077"",""16,956"",""329,76"",3442,""0,0007801"",""1,0428e+06"",""6,534e+06"",""1,8499e-28"",0"
"31,272,""5,689e+05"",""0,0038132"",""0,017371"",""0,5012"",""16,698"",""319,63"",""3360,8"",""0,0013595"",""1,0275e+06"",""6,412e+06"",""2,2216e-28"",0"
"31,307,""5,616e+05"",""0,0038056"",""0,017319"",""0,4982"",""16,583"",""315,22"",""3324,7"",""0,0017397"",""1,0207e+06"",""6,358e+06"",""2,413e-28"",0"
"32,327,""3,907e+05"",""0,0035991"",""0,015908"",""0,4209"",""13,724"",""236,85"",""2447,7"",""0,6841"",""8,454e+05"",""5,007e+06"",""2,4704e-27"",0"
"33,169,""2,93e+05"",""0,0034141"",""0,014855"",""0,36765"",""11,812"",""194,47"",""1896,4"",""23,44"",""7,266e+05"",""4,134e+06"",""1,584e-26"",0"
"33,257,""2,8451e+05"",""0,0033936"",""0,01475"",""0,36264"",""11,629"",""190,51"",""1844,9"",""31,825"",""7,154e+05"",""4,054e+06"",""1,9166e-26"",0"
"34,36,""1,9834e+05"",""0,0031348"",""0,013504"",""0,30714"",""9,444"",""146,38"",""1300,4"",""633,5"",""5,9e+05"",""3,1788e+06"",""2,0099e-25"",0"
"34,558,""1,8621e+05"",""0,0030903"",""0,013293"",""0,29842"",""9,03"",""139,31"",""1233,3"",""933,9"",""5,702e+05"",""3,0454e+06"",""3,039e-25"",0"
"34,915,""1,6645e+05"",""0,0030129"",""0,012922"",""0,28358"",""8,165"",""126,95"",""1129,7"",""1700,5"",""5,366e+05"",""2,8212e+06"",""6,349e-25"",0"
"34,988,""1,6271e+05"",""0,0029975"",""0,012847"",""0,28066"",""7,959"",""124,45"",""1110,3"",""1894,1"",""5,3e+05"",""2,7776e+06"",""7,374e-25"",0"
"35,115,""1,5643e+05"",""0,0029711"",""0,012718"",""0,27569"",""7,596"",""120,09"",""1077,5"",""2259,5"",""5,188e+05"",""2,7037e+06"",""9,56e-25"",0"
"35,478,""1,3993e+05"",""0,0028982"",""0,012358"",""0,26209"",""6,914"",""107,62"",""989,6"",""3470,6"",""4,881e+05"",""2,5043e+06"",""1,9961e-24"",0"
"36,377,""1,0697e+05"",""0,0027362"",""0,011514"",""0,23196"",""6,152"",""80,45"",""782,7"",6637,""4,207e+05"",""2,0787e+06"",""1,1914e-23"",0"
"36,514,""1,0279e+05"",""0,0027139"",""0,011392"",""0,22778"",""6,059"",""77,49"",""746,4"",7008,""4,115e+05"",""2,0215e+06"",""1,5558e-23"",0"
"37,317,""8,169e+04"",""0,0025965"",""0,010711"",""0,20502"",""5,531"",""64,35"",""551,1"",6014,""3,6153e+05"",""1,7194e+06"",""7,306e-23"",0"
"37,411,""7,955e+04"",""0,0025842"",""0,010635"",""0,20253"",""5,466"",""63,1"",""541,3"",5884,""3,5612e+05"",""1,6873e+06"",""8,742e-23"",0"
"37,597,""7,554e+04"",""0,002561"",""0,010488"",""0,19776"",""5,332"",""60,75"",""525,3"",5642,""3,4578e+05"",""1,6263e+06"",""1,2417e-22"",0"
"38,685,""5,623e+04"",""0,0024461"",""0,009692"",""0,17241"",""4,314"",""49,17"",""457,7"",4486,""2,9163e+05"",""1,3152e+06"",""9,349e-22"",0"
"39,074,""5,079e+04"",""0,0024118"",""0,009435"",""0,16435"",""4,006"",""45,58"",""434,2"",4151,""2,7471e+05"",""1,221e+06"",""1,8916e-21"",0"
"39,289,""4,804e+04"",""0,0023938"",""0,009298"",""0,16009"",""3,8693"",""43,67"",""419,5"",3979,""2,6582e+05"",""1,1721e+06"",""2,7856e-21"",0"
"39,902,""4,112e+04"",""0,0023459"",""0,008931"",""0,14868"",""3,5479"",""38,626"",""364,17"",""3532,6"",""2,4228e+05"",""1,0447e+06"",""8,267e-21"",0"
"40,566,34918,""0,002297"",""0,008569"",""0,13745"",""3,262"",""33,888"",""295,39"",""3111,8"",""2,1943e+05"",""9,241e+05"",""2,6288e-20"",0"
"40,724,33612,""0,0022854"",""0,008488"",""0,13493"",""3,2"",""32,872"",""283,41"",""3019,8"",""2,1437e+05"",""8,978e+05"",""3,4497e-20"",0"
"41,653,27014,""0,0022132"",""0,008048"",""0,12125"",""2,8645"",""27,58"",""231,55"",""2530,9"",""1,8714e+05"",""7,591e+05"",""1,6668e-19"",0"
"41,673,26895,""0,0022116"",""0,008039"",""0,12099"",""2,8579"",""27,481"",""230,55"",""2521,6"",""1,8662e+05"",""7,566e+05"",""1,7212e-19"",0"
"41,86,25769,""0,002195"",""0,007958"",""0,11845"",""2,7948"",""26,535"",""220,58"",""2432,6"",""1,8165e+05"",""7,318e+05"",""2,3516e-19"",0"
"41,887,25611,""0,0021925"",""0,007947"",""0,11809"",""2,7857"",""26,401"",""219,09"",2420,""1,8094e+05"",""7,283e+05"",""2,4595e-19"",0"
"43,096,19623,""0,002058"",""0,00747"",""0,10335"",""2,4021"",""21,014"",""158,87"",""1893,5"",""1,5235e+05"",""5,895e+05"",""1,7723e-18"",0"
"43,155,19381,""0,0020507"",""0,007449"",""0,10271"",""2,3845"",""20,78"",""157,02"",""1868,6"",""1,511e+05"",""5,836e+05"",""1,946e-18"",0"
"43,248,19000,""0,002039"",""0,007415"",""0,10169"",""2,3565"",""20,408"",""154,27"",""1828,2"",""1,4914e+05"",""5,743e+05"",""2,2602e-18"",0"
"43,434,18271,""0,0020158"",""0,007349"",""0,10007"",""2,3014"",""19,683"",""149,47"",""1746,1"",""1,4531e+05"",""5,563e+05"",""3,0389e-18"",0"
"43,984,16309,""0,0019493"",""0,007162"",""0,09345"",""2,1419"",""17,619"",""138,33"",""1492,3"",""1,3463e+05"",""5,067e+05"",""7,243e-18"",0"
"44,158,15742,""0,0019295"",""0,007105"",""0,0915"",""2,0924"",""16,983"",""135,32"",""1422,6"",""1,3143e+05"",""4,92e+05"",""9,515e-18"",0"
"44,496,14716,""0,0018932"",""0,006997"",""0,08788"",""1,9977"",""15,781"",""129,81"",""1316,1"",""1,2548e+05"",""4,65e+05"",""1,6065e-17"",0"
"45,24,12742,""0,0018229"",""0,006771"",""0,08056"",""1,7976"",""13,39"",""117,43"",""1150,4"",""1,1342e+05"",""4,111e+05"",""5,011e-17"",0"
"45,303,12590,""0,0018175"",""0,006752"",""0,07997"",""1,7813"",""13,211"",""116,25"",""1138,5"",""1,1246e+05"",""4,069e+05"",""5,515e-17"",0"
"46,192,10690,""0,0017485"",""0,006501"",""0,07233"",""1,5722"",""11,137"",""96,24"",""993,1"",""9,987e+04"",""3,5229e+05"",""2,078e-16"",0"
"46,71,9754,""0,0017125"",""0,006363"",""0,06833"",""1,4667"",""10,233"",""82,69"",""922,1"",""9,327e+04"",""3,2431e+05"",""4,442e-16"",0"
"46,896,9445,""0,0017002"",""0,006314"",""0,06697"",""1,4317"",""9,948"",""78,02"",""898,5"",""9,102e+04"",""3,1489e+05"",""5,82e-16"",0"
"47,145,9053,""0,0016841"",""0,00625"",""0,06523"",""1,3872"",""9,593"",""72,39"",""868,4"",""8,812e+04"",""3,0279e+05"",""8,33e-16"",0"
"47,531,8485,""0,0016598"",""0,006153"",""0,06269"",""1,3228"",""9,089"",""65,32"",""824,4"",""8,38e+04"",""2,8501e+05"",""1,4489e-15"",0"
"48,461,7305,""0,0016047"",""0,005927"",""0,05951"",""1,1916"",""8,045"",""54,5"",""728,8"",""7,436e+04"",""2,4689e+05"",""5,362e-15"",0"
"48,537,7219,""0,0016004"",""0,005909"",""0,05912"",""1,1823"",""7,968"",""53,86"",""721,3"",""7,365e+04"",""2,4404e+05"",""5,958e-15"",0"
"48,946,6777,""0,0015774"",""0,005814"",""0,05693"",""1,1362"",""7,57"",""50,8"",""681,1"",""6,992e+04"",""2,2932e+05"",""1,0483e-14"",0"
"49,314,6412,""0,0015572"",""0,005729"",""0,05497"",""1,1001"",""7,234"",""48,44"",""644,1"",""6,674e+04"",""2,1694e+05"",""1,7335e-14"",0"
"50,894,5117,""0,0014743"",""0,00538"",""0,04721"",""0,9802"",""5,97"",""40,48"",""468,4"",""5,485e+04"",""1,7177e+05"",""1,424e-13"",0"
"50,919,5100,""0,0014731"",""0,005375"",""0,0471"",""0,9785"",""5,952"",""40,38"",""465,5"",""5,468e+04"",""1,7117e+05"",""1,4697e-13"",0"
"51,872,4489,""0,001425"",""0,005171"",""0,043"",""0,911"",""5,272"",""36,44"",""359,43"",""4,868e+04"",""1,4922e+05"",""5,026e-13"",0"
"51,978,4427,""0,0014197"",""0,005149"",""0,04257"",""0,9032"",""5,195"",""36,012"",""350,53"",""4,806e+04"",""1,4697e+05"",""5,759e-13"",0"
"52,097,4359,""0,0014138"",""0,005124"",""0,04209"",""0,8946"",""5,109"",""35,537"",""341,52"",""4,738e+04"",""1,4452e+05"",""6,691e-13"",0"
"52,148,4330,""0,0014112"",""0,005113"",""0,04189"",""0,8908"",""5,071"",""35,331"",""337,87"",""4,708e+04"",""1,4347e+05"",""7,14e-13"",0"
"52,234,4282,""0,0014069"",""0,005095"",""0,04154"",""0,8844"",""5,006"",""34,982"",""332,03"",""4,66e+04"",""1,4172e+05"",""7,965e-13"",0"
"52,694,4037,""0,0013839"",""0,005"",""0,03978"",""0,8506"",""4,626"",""33,107"",""306,2"",""4,409e+04"",""1,3283e+05"",""1,4194e-12"",""9,346e-320"""
"52,696,4036,""0,0013839"",""0,005"",""0,04083"",""0,8505"",""4,625"",""33,1"",""306,12"",""4,408e+04"",""1,328e+05"",""1,4222e-12"",""9,966e-320"""
"53,671,""3570,1"",""0,0013354"",""0,004803"",""0,038259"",""0,7805"",""3,8533"",""29,073"",""265,2"",""3,925e+04"",""1,1597e+05"",""4,735e-12"",""2,3711e-303"""
"53,756,""3532,6"",""0,0013311"",""0,004786"",""0,03803"",""0,7746"",""3,8192"",""28,732"",""262,05"",38862,""1,1462e+05"",""5,252e-12"",""5,772e-302"""
"54,285,3309,""0,001305"",""0,004682"",""0,036626"",""0,7384"",""3,6409"",""26,732"",""243,09"",36515,""1,0662e+05"",""9,955e-12"",""1,8047e-293"""
"54,494,""3225,2"",""0,0012947"",""0,004642"",""0,036084"",""0,7246"",""3,5793"",""26,017"",""235,75"",35632,""1,0364e+05"",""1,2782e-11"",""3,4836e-290"""
"55,681,""2789,1"",""0,0012368"",""0,004421"",""0,03314"",""0,6499"",""3,2668"",""22,57"",""196,43"",31038,""8,839e+04"",""5,174e-11"",""3,5298e-272"""
"56,415,""2549,7"",""0,0012018"",""0,00429"",""0,031445"",""0,6079"",""3,0868"",""20,648"",""175,67"",28525,""8,025e+04"",""1,2036e-10"",""1,3231e-261"""
"57,001,""2372,8"",""0,0011743"",""0,00419"",""0,03016"",""0,5788"",""2,9425"",""19,048"",""161,55"",26678,""7,437e+04"",""2,3363e-10"",""1,8706e-253"""
"57,613,""2200,1"",""0,0011462"",""0,004089"",""0,028876"",""0,5562"",""2,7846"",""17,11"",""148,68"",24885,""6,873e+04"",""4,627e-10"",""3,3469e-245"""
"57,675,""2183,3"",""0,0011434"",""0,004079"",""0,02875"",""0,5543"",""2,7679"",""16,909"",""147,46"",24711,""6,819e+04"",""4,955e-10"",""2,2121e-244"""
"57,877,""2129,5"",""0,0011343"",""0,004046"",""0,028343"",""0,5489"",""2,7121"",""16,281"",""143,61"",24155,""6,646e+04"",""6,187e-10"",""9,821e-242"""
"58,631,""1938,2"",""0,0011011"",""0,003929"",""0,02687"",""0,5326"",""2,4884"",""14,503"",""130,29"",22189,""6,042e+04"",""1,4081e-09"",""4,567e-232"""
"58,791,""1899,5"",""0,0010942"",""0,003904"",""0,026567"",""0,5297"",""2,4388"",""14,231"",""127,65"",21793,""5,921e+04"",""1,6744e-09"",""4,678e-230"""
"58,816,""1893,5"",""0,0010931"",""0,003901"",""0,02652"",""0,5292"",""2,431"",""14,191"",""127,24"",21731,""5,903e+04"",""1,7203e-09"",""9,617e-230"""
"58,857,""1883,8"",""0,0010914"",""0,0038944"",""0,026444"",""0,5285"",""2,4184"",""14,128"",""126,58"",21632,""5,873e+04"",""1,7972e-09"",""3,0801e-229"""
"59,778,""1676,9"",""0,0010532"",""0,0037604"",""0,024803"",""0,5143"",""2,148"",""12,957"",""112,66"",19519,""5,239e+04"",""4,783e-09"",""4,524e-218"""
"60,338,""1561,9"",""0,0010311"",""0,0036827"",""0,023969"",""0,4749"",""2,018"",""12,361"",""105,03"",18341,""4,891e+04"",""8,591e-09"",""1,575e-211"""
"60,653,""1500,9"",""0,001019"",""0,0036404"",""0,023759"",""0,4631"",""1,9608"",""12,04"",""100,99"",17712,""4,707e+04"",""1,1896e-08"",""6,146e-208"""
"60,988,""1438,8"",""0,0010065"",""0,0035962"",""0,023535"",""0,4515"",""1,911"",""11,702"",""96,89"",17067,""4,521e+04"",""1,6777e-08"",""3,5347e-204"""
"61,123,""1414,6"",""0,0010015"",""0,0035787"",""0,023354"",""0,447"",""1,8934"",""11,565"",""95,29"",16815,""4,448e+04"",""1,9254e-08"",""1,1064e-202"""
"61,326,1379,""0,0009942"",""0,0035527"",""0,023032"",""0,4404"",""1,8689"",""11,358"",""92,94"",16442,""4,341e+04"",""2,3664e-08"",""1,8789e-200"""
"61,336,""1377,3"",""0,0009938"",""0,0035515"",""0,023016"",""0,4401"",""1,8678"",""11,349"",""92,84"",16425,""4,336e+04"",""2,3891e-08"",""2,3809e-200"""
"62,367,""1211,6"",""0,0009583"",""0,0034245"",""0,021401"",""0,4095"",""1,7643"",""10,21"",""81,8"",14664,38360,""6,706e-08"",""2,2051e-189"""
"64,144,""978,4"",""0,0009038"",""0,0032234"",""0,0192"",""0,36397"",""1,5936"",""7,669"",""64,6"",12070,31217,""3,746e-07"",""8,474e-172"""
"64,359,""954,1"",""0,0008977"",""0,0032004"",""0,01897"",""0,35896"",""1,5702"",""7,417"",""62,41"",11790,30461,""4,59e-07"",""8,898e-170"""
"64,694,""917,9"",""0,0008886"",""0,0031651"",""0,018625"",""0,35134"",""1,5319"",""7,096"",""58,85"",11366,29325,""6,287e-07"",""1,1286e-166"""
"64,81,""905,7"",""0,0008854"",""0,003153"",""0,018508"",""0,34874"",""1,518"",""7,005"",""57,6"",11222,28942,""7,008e-07"",""1,3126e-165"""
"65,18,""868,4"",""0,0008757"",""0,003115"",""0,018146"",""0,34065"",""1,4722"",""6,771"",""53,85"",10777,27760,""9,883e-07"",""2,9366e-162"""
"65,807,""809,9"",""0,0008598"",""0,0030523"",""0,017563"",""0,3275"",""1,3915"",""6,49"",""49,17"",10063,25884,""1,7561e-06"",""9,857e-157"""
"69,126,""573,5"",""0,0007884"",""0,0027512"",""0,014946"",""0,26764"",""1,0189"",""5,332"",""35,208"",6976,18076,""3,2092e-05"",""3,207e-130"""
"69,279,""564,9"",""0,0007855"",""0,0027384"",""0,014841"",""0,26522"",""1,0061"",""5,276"",""34,626"",6858,17788,""3,6489e-05"",""4,205e-129"""
"69,885,""532,6"",""0,0007745"",""0,0026886"",""0,014436"",""0,25588"",""0,9596"",""5,051"",""32,342"",6407,16695,""6,043e-05"",""9,385e-125"""
"71,316,""465,5"",""0,0007503"",""0,0025764"",""0,013557"",""0,23534"",""0,872"",""4,535"",""27,358"",5447,14411,""0,00019285"",""5,16e-115"""
"71,36,""463,6"",""0,0007496"",""0,0025731"",""0,013532"",""0,23474"",""0,8697"",""4,519"",""27,216"",5420,14347,""0,0001997"",""9,998e-115"""
"72,288,""426,1"",""0,0007352"",""0,0025039"",""0,013185"",""0,22245"",""0,8247"",""4,205"",""24,412"",4872,13065,""0,0004146"",""8,728e-109"""
"73,87,""367,61"",""0,0007126"",""0,0023919"",""0,012365"",""0,20305"",""0,7611"",""3,7161"",""20,592"",4056,11175,""0,0013852"",""2,7722e-99"""
"74,424,""348,92"",""0,0007052"",""0,0023543"",""0,012091"",""0,19666"",""0,7415"",""3,5595"",""19,787"",""3803,6"",10590,""0,0020885"",""3,8966e-96"""
"75,288,""321,66"",""0,0006941"",""0,0022971"",""0,011678"",""0,187"",""0,7129"",""3,331"",""19,286"",3442,9747,""0,003921"",""2,1636e-91"""
"75,8,""306,58"",""0,0006878"",""0,002264"",""0,011442"",""0,18144"",""0,6967"",""3,2058"",""18,559"",""3245,6"",9285,""0,005659"",""1,13e-88"""
"75,975,""301,62"",""0,0006857"",""0,0022528"",""0,011363"",""0,17957"",""0,6913"",""3,1653"",""18,259"",""3181,6"",9133,""0,006406"",""9,197e-88"""
"76,133,""297,22"",""0,0006838"",""0,0022428"",""0,011292"",""0,17789"",""0,6865"",""3,13"",""17,978"",""3125,2"",8999,""0,00716"",""5,999e-87"""
"76,489,""287,53"",""0,0006797"",""0,0022203"",""0,011134"",""0,17413"",""0,6757"",""3,0565"",""17,333"",""3001,9"",8703,""0,009193"",""3,931e-85"""
"77,62,259,""0,0006669"",""0,0021508"",""0,010654"",""0,16238"",""0,642"",""2,9332"",""15,353"",""2647,9"",7838,""0,020032"",""1,4309e-79"""
"78,03,""249,49"",""0,0006625"",""0,0021263"",""0,010487"",""0,15817"",""0,6301"",""2,8512"",""14,695"",""2533,2"",7552,""0,026382"",""1,2183e-77"""
"80,4,""201,46"",""0,0006385"",""0,0019907"",""0,009591"",""0,13318"",""0,5688"",""2,3886"",""11,597"",""1981,6"",6115,""0,12304"",""3,4657e-67"""
"80,83,""194,07"",""0,0006346"",""0,0019677"",""0,009444"",""0,12914"",""0,5595"",""2,3134"",""11,182"",""1900,8"",5896,""0,16008"",""1,8609e-65"""
"82,12,""173,33"",""0,0006229"",""0,0018997"",""0,009013"",""0,11827"",""0,5348"",""2,0972"",""10,159"",""1679,7"",5284,""0,35104"",""2,1636e-60"""
"82,36,""169,65"",""0,0006208"",""0,0018871"",""0,008934"",""0,11635"",""0,5306"",""2,0581"",""9,997"",""1641,3"",5177,""0,4067"",""1,8565e-59"""
"83,85,""149,35"",""0,0006083"",""0,0018137"",""0,00848"",""0,10554"",""0,5077"",""1,8374"",""9,168"",""1433,5"",4587,""0,9621"",""4,295e-54"""
"83,86,""149,22"",""0,0006082"",""0,0018132"",""0,008477"",""0,10547"",""0,5076"",""1,836"",""9,162"",""1432,1"",4583,""0,9678"",""4,664e-54"""
"84,65,""139,57"",""0,0006019"",""0,001776"",""0,00825"",""0,10007"",""0,4962"",""1,7277"",""8,767"",""1335,3"",4307,""1,5065"",""2,2973e-51"""
"86,2,""122,71"",""0,0005902"",""0,0017071"",""0,007832"",""0,09011"",""0,4744"",""1,5408"",""7,976"",""1168,3"",""3836,2"",""3,4686"",""2,0923e-46"""
"87,95,""106,41"",""0,0005777"",""0,0016357"",""0,007398"",""0,08001"",""0,4495"",""1,3855"",""7,039"",""1009,2"",""3397,6"",""8,463"",""2,9316e-41"""
"88,15,""104,74"",""0,0005764"",""0,001628"",""0,007351"",""0,07896"",""0,4467"",""1,3716"",""6,935"",993,""3352,7"",""9,327"",""1,0426e-40"""
"89,43,""94,63"",""0,0005679"",""0,0015807"",""0,00706"",""0,07254"",""0,4284"",""1,2938"",""6,288"",""895,3"",""3074,9"",""17,188"",""2,7881e-37"""
"90,28,""88,51"",""0,0005625"",""0,0015508"",""0,006875"",""0,06866"",""0,4162"",""1,2503"",""5,884"",""836,4"",""2898,1"",""25,447"",""4,072e-35"""
"91,65,""79,64"",""0,0005541"",""0,0015056"",""0,006594"",""0,0631"",""0,3966"",""1,1885"",""5,3"",""751,3"",""2629,7"",""46,47"",""7,631e-32"""
"91,92,""77,96"",""0,0005524"",""0,0014967"",""0,006538"",""0,06207"",""0,3927"",""1,1767"",""5,195"",""735,2"",""2577,4"",""52,33"",""3,3233e-31"""
"92,46,""74,86"",""0,0005492"",""0,00148"",""0,006434"",""0,06018"",""0,38515"",""1,1548"",""5,04"",""705,4"",""2479,7"",""65,46"",""5,253e-30"""
"92,6,""74,09"",""0,0005485"",""0,0014758"",""0,006408"",""0,05972"",""0,38324"",""1,1493"",""5,024"",698,""2455,3"",""69,25"",""1,0483e-29"""
"94,33,""65,11"",""0,0005387"",""0,0014248"",""0,006089"",""0,05442"",""0,35949"",""1,0829"",""4,682"",""612,3"",""2165,4"",""137,26"",""4,384e-26"""
"95,66,""59,04"",""0,0005315"",""0,0013877"",""0,005858"",""0,05092"",""0,34189"",""1,0343"",""4,333"",""556,5"",""1965,3"",""224,44"",""1,6528e-23"""
"97,29,""52,57"",""0,0005232"",""0,0013452"",""0,005594"",""0,04715"",""0,32159"",""0,977"",""3,931"",""504,6"",""1748,8"",""389,64"",""1,2492e-20"""
"97,34,""52,39"",""0,0005229"",""0,001344"",""0,005586"",""0,04704"",""0,32098"",""0,9753"",""3,919"",""503,2"",""1742,5"",""396,1"",""1,5226e-20"""
"99,15,""46,18"",""0,0005142"",""0,0012993"",""0,005307"",""0,04324"",""0,29974"",""0,911"",""3,5123"",""458,6"",""1531,7"",""690,3"",""1,2411e-17"""
"100,32,""42,67"",""0,0005088"",""0,0012719"",""0,005149"",""0,04093"",""0,28688"",""0,8681"",""3,2737"",""431,4"",""1411,1"",""953,9"",""6,459e-16"""
"101,13,""40,41"",""0,0005051"",""0,0012532"",""0,005041"",""0,03935"",""0,2782"",""0,8372"",""3,1161"",412,""1332,7"",""1178,1"",""8,859e-15"""
"101,31,""39,93"",""0,0005043"",""0,0012492"",""0,005018"",""0,03901"",""0,27633"",""0,8303"",""3,0824"",""407,6"",""1316,1"",""1232,2"",""1,5535e-14"""
"102,48,""37,001"",""0,0004992"",""0,0012232"",""0,004871"",""0,036738"",""0,26448"",""0,7851"",""2,8708"",""378,1"",""1213,3"",""1623,1"",""5,168e-13"""
"102,55,""36,829"",""0,0004988"",""0,0012216"",""0,004862"",""0,036594"",""0,26376"",""0,7823"",""2,8579"",""376,18"",""1207,3"",""1649,6"",""6,369e-13"""
"102,69,""36,511"",""0,0004983"",""0,0012187"",""0,004845"",""0,036324"",""0,26243"",""0,777"",""2,8337"",""372,55"",1196,""1699,8"",""9,395e-13"""
"103,22,""35,297"",""0,000496"",""0,0012072"",""0,004781"",""0,03524"",""0,25728"",""0,7565"",""2,8579"",""358,02"",""1153,1"",""1904,8"",""4,185e-12"""
"103,53,""34,626"",""0,0004947"",""0,0012007"",""0,004744"",""0,034598"",""0,25438"",""0,7448"",""2,8218"",""349,53"",""1129,4"",""2028,3"",""9,655e-12"""
"105,75,""30,245"",""0,0004857"",""0,0011543"",""0,004491"",""0,030046"",""0,23432"",""0,667"",""2,5632"",""290,79"",""973,9"",""3031,3"",""2,7572e-09"""
"106,99,""28,163"",""0,0004809"",""0,0011293"",""0,004358"",""0,028185"",""0,22394"",""0,6389"",""2,4284"",""265,99"",""900,7"",3632,""4,7e-08"""
"107,19,""27,849"",""0,0004801"",""0,0011253"",""0,004337"",""0,02793"",""0,22232"",""0,6353"",""2,4073"",""262,79"",""889,8"",""3728,8"",""7,284e-08"""
"107,42,""27,498"",""0,0004793"",""0,0011208"",""0,004313"",""0,027651"",""0,22049"",""0,6313"",""2,3836"",""259,43"",""877,5"",""3838,6"",""1,1929e-07"""
"108,04,""26,592"",""0,0004769"",""0,0011087"",""0,00425"",""0,026955"",""0,21568"",""0,6207"",""2,3209"",""251,67"",""846,1"",4129,""4,351e-07"""
"113,39,""20,975"",""0,0004583"",""0,0010078"",""0,003758"",""0,022378"",""0,18191"",""0,5288"",""1,8557"",""204,49"",637,5681,""0,004628"""
"113,59,""20,83"",""0,0004576"",""0,001004"",""0,003741"",""0,022228"",""0,18077"",""0,5254"",""1,8405"",""202,66"",""630,6"",5690,""0,006205"""
"114,26,""20,375"",""0,0004554"",""0,0009918"",""0,0036864"",""0,021747"",""0,17708"",""0,5143"",""1,792"",""196,64"",610,5692,""0,015709"""
"114,48,""20,234"",""0,0004547"",""0,0009879"",""0,0036693"",""0,021595"",""0,17593"",""0,5109"",""1,7769"",""194,72"",""603,6"",5684,""0,020931"""
"116,25,""19,048"",""0,0004492"",""0,0009562"",""0,0035341"",""0,020369"",""0,16668"",""0,4828"",""1,6602"",""179,11"",""552,3"",5467,""0,19053"""
"116,81,""18,645"",""0,0004474"",""0,0009462"",""0,0034938"",""0,019982"",""0,16386"",""0,4742"",""1,6261"",""174,28"",""536,1"",5349,""0,36346"""
"117,33,""18,269"",""0,0004459"",""0,0009371"",""0,0034588"",""0,01963"",""0,16133"",""0,4664"",""1,5965"",""169,96"",""521,2"",5225,""0,6399"""
"118,18,""17,644"",""0,0004433"",""0,0009221"",""0,0035023"",""0,019049"",""0,15726"",""0,454"",""1,5519"",""163,03"",""496,9"",4994,""1,5484"""
"119,63,""16,584"",""0,0004391"",""0,0008968"",""0,0034141"",""0,018068"",""0,1506"",""0,4336"",""1,6382"",""151,76"",""456,7"",4549,""6,144"""
"119,75,""16,499"",""0,0004388"",""0,0008948"",""0,0034064"",""0,01799"",""0,15007"",""0,4319"",""1,6373"",""150,88"",""453,5"",4511,""6,823"""
"120,5,""15,96"",""0,0004366"",""0,0008817"",""0,0033561"",""0,017495"",""0,14675"",""0,4218"",""1,6136"",""145,34"",""433,7"",4267,""13,063"""
"123,19,""14,157"",""0,0004293"",""0,0008357"",""0,00318"",""0,015896"",""0,13568"",""0,3878"",""1,4869"",""127,3"",""370,77"",3442,""95,69"""
"125,4,""12,815"",""0,0004235"",""0,0007983"",""0,0030415"",""0,014821"",""0,1273"",""0,36224"",""1,3811"",""114,27"",327,""2887,8"",""354,67"""
"125,91,""12,524"",""0,0004222"",""0,0007898"",""0,0030105"",""0,014603"",""0,12546"",""0,35662"",""1,3575"",""111,48"",""317,84"",""2780,6"",462"
"128,02,""11,4"",""0,000417"",""0,0007546"",""0,0028866"",""0,013795"",""0,11818"",""0,33457"",""1,2637"",""100,87"",""283,52"",""2423,6"",""1194,7"""
"130,53,""10,21"",""0,000411"",""0,000713"",""0,0027471"",""0,012959"",""0,11016"",""0,31041"",""1,1601"",""89,96"",""249,06"",""2134,2"",""2848,5"""
"131,02,""9,996"",""0,0004099"",""0,0007049"",""0,002721"",""0,012808"",""0,10867"",""0,30596"",""1,141"",""88,05"",""243,09"",""2082,4"",""3273,5"""
"133,05,""9,167"",""0,0004053"",""0,0006718"",""0,0026161"",""0,012209"",""0,10275"",""0,28836"",""1,0656"",""80,78"",""220,62"",""1844,9"",5297"
"134,96,""8,461"",""0,0004011"",""0,0006408"",""0,002522"",""0,011672"",""0,0975"",""0,27291"",""0,9997"",""74,79"",""202,28"",""1570,7"",10899"
"136,21,""8,038"",""0,0003984"",""0,0006208"",""0,0024631"",""0,011328"",""0,09424"",""0,26342"",""0,9596"",""71,27"",""191,58"",""1405,5"",10324"
"136,37,""7,982"",""0,0003981"",""0,0006181"",""0,0024553"",""0,011282"",""0,09381"",""0,26217"",""0,9544"",""70,81"",""190,21"",""1385,5"",10239"
"137,78,""7,537"",""0,0003951"",""0,0005957"",""0,0023912"",""0,010888"",""0,09028"",""0,252"",""0,9358"",""67,17"",""179,24"",1241,9524"
"138,25,""7,395"",""0,0003942"",""0,0005882"",""0,0023703"",""0,010755"",""0,08913"",""0,24871"",""0,9254"",""66,01"",""175,78"",""1201,7"",9288"
"138,87,""7,213"",""0,0003929"",""0,0005784"",""0,0023431"",""0,01058"",""0,08764"",""0,24447"",""0,911"",""64,54"",""171,37"",""1155,8"",8984"
"142,43,""6,264"",""0,00038593"",""0,0005228"",""0,002195"",""0,009619"",""0,07957"",""0,22186"",""0,8287"",""56,89"",""148,84"",""961,1"",7391"
"145,23,""5,615"",""0,00038069"",""0,0004799"",""0,0021292"",""0,008978"",""0,07382"",""0,20593"",""0,7687"",""51,68"",""133,72"",""838,2"",6329"
"145,46,""5,565"",""0,00038027"",""0,0004764"",""0,0021241"",""0,008929"",""0,07337"",""0,20469"",""0,764"",""51,28"",""132,56"",828,6249"
"145,54,""5,548"",""0,00038012"",""0,0004752"",""0,0021223"",""0,008913"",""0,07321"",""0,20426"",""0,7623"",""51,14"",""132,16"",""824,4"",6221"
"146,""5,45"",""0,00037929"",""0,0004683"",""0,0021115"",""0,00882"",""0,07234"",""0,20184"",""0,7531"",""50,36"",""129,91"",""803,8"",6067"
"146,56,""5,332"",""0,00037827"",""0,0004598"",""0,0020976"",""0,008707"",""0,07129"",""0,19889"",""0,7419"",""49,41"",""127,19"",""777,6"",5881"
"147,11,""5,221"",""0,00037731"",""0,0004517"",""0,0020839"",""0,008603"",""0,07031"",""0,19613"",""0,7313"",""48,53"",""124,65"",""752,1"",5709"
"149,63,""4,724"",""0,00037289"",""0,0004144"",""0,0020181"",""0,008144"",""0,06603"",""0,1839"",""0,6843"",""44,64"",""113,55"",""640,6"",4973"
"151,25,""4,396"",""0,00037015"",""0,000391"",""0,0019764"",""0,007872"",""0,06354"",""0,17663"",""0,6562"",""42,35"",""107,06"",""588,1"",4557"
"151,35,""4,374"",""0,00036998"",""0,00038952"",""0,0019738"",""0,007855"",""0,06339"",""0,17617"",""0,6545"",""42,21"",""106,66"",""585,3"",4532"
"154,06,""3,916"",""0,00036555"",""0,00035141"",""0,0019059"",""0,00743"",""0,05958"",""0,16492"",""0,6108"",""38,697"",""96,81"",""527,7"",3924"
"155,56,""3,7395"",""0,00036316"",""0,00033077"",""0,0018694"",""0,007207"",""0,05762"",""0,1591"",""0,5882"",""36,886"",""91,79"",""501,9"",""3625,6"""
"156,73,""3,6139"",""0,00036133"",""0,00031495"",""0,0018415"",""0,007039"",""0,05616"",""0,15476"",""0,5713"",""35,537"",""88,09"",""482,9"",""3410,7"""
"158,59,""3,4169"",""0,00035847"",""0,00029031"",""0,0017983"",""0,00678"",""0,05394"",""0,14818"",""0,5458"",""33,493"",""82,54"",""452,7"",""3097,7"""
"159,24,""3,3447"",""0,00035748"",""0,0002818"",""0,0017834"",""0,006691"",""0,05319"",""0,14596"",""0,5372"",""32,802"",""80,69"",""441,9"",""2995,3"""
"161,08,""3,1427"",""0,00035476"",""0,00025844"",""0,0017425"",""0,006449"",""0,05117"",""0,13998"",""0,5143"",""30,946"",""75,74"",""410,7"",""2728,9"""
"162,12,""3,0456"",""0,00035324"",""0,00024543"",""0,0017198"",""0,006314"",""0,05006"",""0,13671"",""0,5143"",""29,938"",""73,07"",""392,7"",""2589,1"""
"162,2,""3,0399"",""0,00035313"",""0,00024448"",""0,0017181"",""0,006304"",""0,04998"",""0,13647"",""0,5134"",""29,864"",""72,88"",""391,4"",2579"
"162,33,""3,031"",""0,00035294"",""0,00024289"",""0,0017153"",""0,006287"",""0,04984"",""0,13608"",""0,5119"",""29,743"",""72,56"",""389,23"",""2562,5"""
"163,07,""2,9963"",""0,00035188"",""0,00023389"",""0,0016996"",""0,006193"",""0,04908"",""0,13385"",""0,5029"",""29,057"",""70,75"",""376,75"",""2469,9"""
"164,58,""2,9332"",""0,00034975"",""0,00021592"",""0,0016681"",""0,006005"",""0,04758"",""0,12946"",""0,4846"",""27,717"",""67,22"",""352,1"",2293"
"166,98,""2,7249"",""0,00034643"",""0,00018835"",""0,0016196"",""0,005716"",""0,0453"",""0,12283"",""0,4569"",""25,743"",62,""316,05"",""2040,7"""
"167,64,""2,6605"",""0,00034554"",""0,00018104"",""0,0016066"",""0,005639"",""0,0447"",""0,12108"",""0,4496"",""25,241"",""60,65"",""307,13"",""1977,4"""
"168,01,""2,6243"",""0,00034505"",""0,00017703"",""0,0015995"",""0,005597"",""0,04437"",""0,12012"",""0,4456"",""24,971"",""59,91"",""302,41"",""1943,3"""
"168,33,""2,5926"",""0,00034462"",""0,00017356"",""0,0015933"",""0,005561"",""0,04408"",""0,1193"",""0,4422"",""24,742"",""59,28"",""298,41"",""1914,2"""
"169,32,""2,4945"",""0,0003433"",""0,00016296"",""0,0015743"",""0,005452"",""0,04321"",""0,11677"",""0,4318"",""24,066"",""57,37"",""286,69"",""1827,1"""
"170,44,""2,3934"",""0,00034182"",""0,00015122"",""0,0015532"",""0,005332"",""0,04223"",""0,11395"",""0,4203"",""23,386"",""55,29"",""274,41"",""1733,6"""
"172,44,""2,262"",""0,00033925"",""0,00013128"",""0,0015168"",""0,005132"",""0,04054"",""0,10912"",""0,4009"",""22,372"",""51,82"",""254,34"",""1581,1"""
"174,23,""2,1822"",""0,00033699"",""0,00011428"",""0,0014851"",""0,004967"",""0,03905"",""0,1049"",""0,38447"",""21,51"",""48,94"",""236,85"",""1455,5"""
"176,96,""2,0705"",""0,00033364"",""9,019e-05"",""0,0014387"",""0,004741"",""0,036799"",""0,09874"",""0,36105"",""20,183"",""44,95"",""210,94"",""1280,3"""
"178,""2,0219"",""0,0003324"",""8,165e-05"",""0,0014217"",""0,004663"",""0,035957"",""0,09651"",""0,35268"",""19,685"",""43,56"",""201,9"",""1217,4"""
"178,28,""2,0073"",""0,00033207"",""7,935e-05"",""0,0014171"",""0,004643"",""0,035728"",""0,09591"",""0,35042"",""19,549"",""43,19"",""199,5"",""1200,2"""
"178,67,""1,9864"",""0,00033161"",""7,628e-05"",""0,0014109"",""0,004615"",""0,03542"",""0,0951"",""0,34739"",""19,366"",""42,69"",""196,34"",""1177,2"""
"178,83,""1,977"",""0,00033141"",""7,497e-05"",""0,0014082"",""0,004603"",""0,035289"",""0,09475"",""0,34609"",""19,287"",""42,48"",195,""1167,3"""
"179,6,""1,9302"",""0,00033051"",""6,902e-05"",""0,001396"",""0,00455"",""0,034689"",""0,09318"",""0,34018"",""18,926"",""41,53"",""189,01"",""1122,5"""
"182,25,""1,7498"",""0,00032745"",""4,985e-05"",""0,0013551"",""0,004378"",""0,032752"",""0,08807"",""0,32076"",""17,724"",""38,517"",""171,17"",""985,8"""
"182,98,""1,7044"",""0,00032663"",""4,494e-05"",""0,0013442"",""0,004333"",""0,032258"",""0,08674"",""0,31567"",""17,406"",""37,754"",""167,04"",""953,6"""
"183,62,""1,6723"",""0,0003259"",""4,075e-05"",""0,0013347"",""0,004295"",""0,031836"",""0,08561"",""0,31128"",""17,131"",""37,106"",""163,67"",""927,1"""
"185,64,""1,642"",""0,00032366"",""2,8236e-05"",""0,0013054"",""0,004178"",""0,030581"",""0,08217"",""0,2979"",""16,291"",""35,188"",""154,25"",""852,4"""
"186,83,""1,6239"",""0,00032236"",""2,133e-05"",""0,0012887"",""0,004112"",""0,029897"",""0,08025"",""0,29039"",""15,818"",""34,146"",""149,35"",""813,8"""
"187,21,""1,6136"",""0,00032195"",""1,9168e-05"",""0,0012835"",""0,004092"",""0,029686"",""0,07965"",""0,28805"",""15,671"",""33,825"",""147,86"",""802,2"""
"187,54,""1,6031"",""0,0003216"",""1,7297e-05"",""0,001279"",""0,004074"",""0,029507"",""0,07914"",""0,28605"",""15,544"",""33,553"",""146,59"",""792,3"""
"188,58,""1,5645"",""0,00032049"",""1,1097e-05"",""0,0012649"",""0,004019"",""0,028954"",""0,07754"",""0,27981"",""15,151"",""32,712"",""142,68"",""762,6"""
"192,79,""1,3851"",""0,00031611"",""6,705e-09"",""0,0012107"",""0,003809"",""0,0269"",""0,07148"",""0,25629"",""13,668"",""29,627"",""128,05"",""658,7"""
"193,12,""1,3712"",""0,00031577"",""6,167e-09"",""0,0012066"",""0,003793"",""0,026748"",""0,07102"",""0,25454"",""13,558"",""29,402"",""126,95"",""651,4"""
"193,65,""1,3496"",""0,00031524"",""5,397e-09"",""0,0012002"",""0,0037679"",""0,026509"",""0,0703"",""0,2518"",""13,386"",""29,047"",""125,23"",""640,1"""
"199,99,""1,1585"",""0,00030904"",""1,0327e-09"",""0,0011289"",""0,0034793"",""0,023802"",""0,06222"",""0,22162"",""11,495"",""25,141"",""106,08"",""522,2"""
"200,27,""1,152"",""0,00030877"",""9,58e-10"",""0,001126"",""0,003467"",""0,023688"",""0,06188"",""0,2204"",""11,419"",""24,981"",""105,3"",""517,7"""
"202,8,""1,0959"",""0,00030641"",""4,812e-10"",""0,0011012"",""0,0033565"",""0,022649"",""0,05883"",""0,20971"",""10,754"",""23,562"",""98,51"",""478,9"""
"203,5,""1,0814"",""0,00030577"",""3,977e-10"",""0,0010949"",""0,0033265"",""0,022362"",""0,05801"",""0,2069"",""10,58"",""23,183"",""96,72"",469"
"203,95,""1,072"",""0,00030535"",""3,5053e-10"",""0,0010908"",""0,0033068"",""0,022171"",""0,05747"",""0,20508"",""10,467"",""22,935"",""95,57"",""462,6"""
"205,87,""1,0342"",""0,00030361"",""2,0494e-10"",""0,0010742"",""0,003224"",""0,021338"",""0,05526"",""0,19762"",""10,005"",""21,899"",""90,83"",""436,7"""
"208,29,""0,9906"",""0,00030148"",""1,0328e-10"",""0,001054"",""0,0031211"",""0,020223"",""0,05264"",""0,18874"",""9,456"",""20,592"",""85,2"",""406,8"""
"209,02,""0,9783"",""0,00030084"",""8,373e-11"",""0,0010477"",""0,0030903"",""0,01988"",""0,05189"",""0,18615"",""9,297"",""20,185"",""83,55"",""398,3"""
"210,36,""0,957"",""0,00029968"",""5,676e-11"",""0,0010361"",""0,0030342"",""0,019262"",""0,05057"",""0,18152"",""9,011"",""19,412"",""80,6"",""373,22"""
"211,34,""0,9429"",""0,00029884"",""4,266e-11"",""0,0010275"",""0,0029939"",""0,018836"",""0,04967"",""0,17823"",""8,809"",""18,835"",""78,5"",""360,23"""
"211,94,""0,935"",""0,00029833"",""3,5704e-11"",""0,0010222"",""0,0029692"",""0,018585"",""0,04913"",""0,17623"",""8,686"",""18,475"",""77,22"",""352,63"""
"213,61,""0,9222"",""0,00029693"",""2,181e-11"",""0,0010075"",""0,0029025"",""0,017945"",""0,04772"",""0,17089"",""8,358"",""17,524"",""73,78"",""333,04"""
"214,74,""0,9235"",""0,00029599"",""1,5535e-11"",""0,0009975"",""0,0028583"",""0,017548"",""0,04682"",""0,16736"",""8,143"",""16,944"",""71,5"",""320,59"""
"215,75,""0,911"",""0,00029516"",""1,1479e-11"",""0,0009886"",""0,0028199"",""0,017218"",""0,04605"",""0,16431"",""7,958"",""16,488"",""69,53"",""310,1"""
"217,88,""0,8747"",""0,00029343"",""5,994e-12"",""0,00097"",""0,0027416"",""0,016569"",""0,04451"",""0,15807"",""7,582"",""15,675"",""65,52"",""289,34"""
"219,1,""0,8533"",""0,00029245"",""4,116e-12"",""0,0009595"",""0,0026989"",""0,016221"",""0,04366"",""0,15464"",""7,378"",""15,282"",""63,34"",""278,31"""
"225,38,""0,7513"",""0,00028759"",""5,68e-13"",""0,0009072"",""0,0025066"",""0,014615"",""0,03961"",""0,13839"",""6,451"",""13,643"",""53,86"",""230,14"""
"225,65,""0,7474"",""0,00028739"",""5,219e-13"",""0,0009051"",""0,0024995"",""0,014553"",""0,03945"",""0,13776"",""6,416"",""13,583"",""53,52"",""228,42"""
"227,53,""0,721"",""0,00028598"",""2,8364e-13"",""0,0008901"",""0,0024516"",""0,014119"",""0,038302"",""0,13334"",""6,175"",""13,167"",""51,23"",""216,91"""
"228,69,""0,7059"",""0,00028513"",""1,9413e-13"",""0,000881"",""0,0024238"",""0,013859"",""0,037599"",""0,13071"",""6,033"",""12,921"",""49,9"",""210,71"""
"231,68,""0,6706"",""0,00028296"",""7,236e-14"",""0,0008582"",""0,0023575"",""0,013213"",""0,035779"",""0,12423"",""5,688"",""12,317"",""46,74"",""213,47"""
"232,3,""0,6638"",""0,00028252"",""5,884e-14"",""0,0008536"",""0,0023445"",""0,013083"",""0,035393"",""0,12293"",""5,62"",""12,196"",""46,12"",210"
"233,68,""0,6491"",""0,00028154"",""3,6928e-14"",""0,0008433"",""0,0023163"",""0,012794"",""0,034505"",""0,1201"",""5,472"",""11,93"",""44,77"",""202,05"""
"235,04,""0,6353"",""0,00028059"",""2,3372e-14"",""0,0008334"",""0,0022899"",""0,012518"",""0,033611"",""0,11741"",""5,333"",""11,676"",""43,51"",""194,34"""
"236,94,""0,6162"",""0,00027927"",""1,2233e-14"",""0,0008199"",""0,0022542"",""0,012134"",""0,032327"",""0,11378"",""5,146"",""11,328"",""41,82"",""183,84"""
"238,42,""0,6011"",""0,00027826"",""7,339e-15"",""0,0008095"",""0,0022273"",""0,01184"",""0,031335"",""0,11103"",""5,005"",""11,06"",""40,54"",""175,95"""
"243,49,""0,5485"",""0,00027488"",""1,2457e-15"",""0,0007753"",""0,0021404"",""0,010881"",""0,028456"",""0,10226"",""4,563"",""10,176"",""36,473"",""151,4"""
"245,84,""0,5313"",""0,00027337"",""5,408e-16"",""0,0007601"",""0,0021019"",""0,010474"",""0,027428"",""0,09851"",""4,377"",""9,784"",""34,69"",""141,26"""
"246,17,""0,5301"",""0,00027315"",""4,801e-16"",""0,000758"",""0,0020965"",""0,010419"",""0,027294"",""0,09799"",""4,351"",""9,729"",""34,442"",""139,88"""
"248,13,""0,5288"",""0,00027191"",""2,3656e-16"",""0,0007457"",""0,0020645"",""0,010106"",""0,026552"",""0,095"",""4,204"",""9,409"",""33,004"",""132,01"""
"250,23,""0,524"",""0,00027059"",""1,1042e-16"",""0,0007328"",""0,0020304"",""0,009801"",""0,025827"",""0,09194"",""4,056"",""9,077"",""31,541"",""124,15"""
"251,87,""0,5143"",""0,00026958"",""6,05e-17"",""0,000723"",""0,0020033"",""0,009584"",""0,025295"",""0,08963"",""3,946"",""8,823"",""30,46"",""118,34"""
"252,32,""0,5111"",""0,00026931"",""5,136e-17"",""0,0007204"",""0,001996"",""0,009529"",""0,025155"",""0,08902"",""3,917"",""8,755"",""30,179"",""116,82"""
"253,48,""0,5019"",""0,0002686"",""3,3401e-17"",""0,0007135"",""0,0019765"",""0,00939"",""0,024796"",""0,08744"",""3,8423"",""8,579"",""29,468"",""112,94"""
"253,49,""0,5018"",""0,0002686"",""3,3353e-17"",""0,0007135"",""0,0019765"",""0,009389"",""0,024795"",""0,08743"",""3,8421"",""8,579"",""29,465"",""114,42"""
"254,11,""0,4966"",""0,00026822"",""2,647e-17"",""0,0007099"",""0,001966"",""0,009318"",""0,024607"",""0,0866"",""3,8035"",""8,486"",""29,1"",""112,74"""
"257,65,""0,4647"",""0,00026611"",""7,045e-18"",""0,0006898"",""0,0019062"",""0,008954"",""0,023584"",""0,08208"",""3,6005"",""7,976"",""27,229"",""103,23"""
"258,02,""0,4612"",""0,00026589"",""6,123e-18"",""0,0006878"",""0,0018999"",""0,008919"",""0,02348"",""0,08162"",""3,5806"",""7,924"",""27,051"",""102,28"""
"260,95,""0,4288"",""0,00026419"",""2,0125e-18"",""0,0006718"",""0,0018504"",""0,008657"",""0,022681"",""0,07812"",""3,4286"",""7,528"",""25,753"",""95,23"""
"267,34,""0,3915"",""0,00026059"",""1,7052e-19"",""0,0006389"",""0,0017467"",""0,008149"",""0,021007"",""0,07114"",""3,1057"",""6,739"",""23,316"",""82,09"""
"269,29,""0,38226"",""0,00025953"",""7,933e-20"",""0,0006293"",""0,0017167"",""0,008005"",""0,020495"",""0,06916"",""3,0104"",""6,519"",""22,635"",""78,6"""
"271,19,""0,37347"",""0,0002585"",""3,7452e-20"",""0,0006201"",""0,0016884"",""0,007868"",""0,019982"",""0,06728"",""2,9199"",""6,314"",""21,989"",""75,41"""
"273,92,""0,36127"",""0,00025705"",""1,2638e-20"",""0,0006073"",""0,0016493"",""0,007675"",""0,019198"",""0,06465"",""2,7945"",""6,036"",""21,078"",""71,17"""
"274,42,""0,35911"",""0,00025679"",""1,0359e-20"",""0,000605"",""0,0016424"",""0,00764"",""0,019047"",""0,06417"",""2,7723"",""5,987"",""20,914"",""70,43"""
"275,1,""0,35613"",""0,00025643"",""7,862e-21"",""0,0006019"",""0,0016329"",""0,007593"",""0,018835"",""0,06351"",""2,7419"",""5,921"",""20,686"",""69,44"""
"276,98,""0,34817"",""0,00025545"",""3,6902e-21"",""0,0005934"",""0,0016075"",""0,007464"",""0,018234"",""0,06171"",""2,6607"",""5,747"",""20,064"",""66,83"""
"277,37,""0,34654"",""0,00025525"",""3,1499e-21"",""0,0005917"",""0,0016023"",""0,007438"",""0,018106"",""0,06134"",""2,6441"",""5,712"",""19,933"",""66,3"""
"280,16,""0,33518"",""0,00025383"",""1,0133e-21"",""0,0005794"",""0,0015662"",""0,007251"",""0,017206"",""0,05878"",""2,5292"",""5,472"",""18,998"",""62,74"""
"287,39,""0,30789"",""0,00025026"",""5,136e-23"",""0,0005494"",""0,0014791"",""0,006789"",""0,01541"",""0,05298"",""2,258"",""4,947"",""16,625"",""54,75"""
"293,43,""0,28722"",""0,00024739"",""4,038e-24"",""0,000526"",""0,0014125"",""0,006424"",""0,014384"",""0,04898"",""2,0578"",""4,58"",""14,902"",""49,16"""
"293,51,""0,28695"",""0,00024735"",""3,901e-24"",""0,0005257"",""0,0014116"",""0,00642"",""0,014372"",""0,04893"",""2,0553"",""4,576"",""14,881"",""49,1"""
"298,83,""0,27022"",""0,00024492"",""4,009e-25"",""0,0005063"",""0,0013571"",""0,006113"",""0,013605"",""0,04587"",""1,8972"",""4,275"",""13,677"",""44,84"""
"306,34,""0,24867"",""0,0002416"",""1,5286e-26"",""0,0004806"",""0,0012861"",""0,005697"",""0,012618"",""0,04204"",""1,6996"",""3,8692"",""12,324"",""39,7"""
"308,25,""0,24356"",""0,00024078"",""6,608e-27"",""0,0004744"",""0,0012691"",""0,005594"",""0,012375"",""0,04113"",""1,654"",""3,7709"",""12,022"",""38,534"""
"311,71,""0,23461"",""0,00023932"",""1,4251e-27"",""0,0004634"",""0,0012393"",""0,005406"",""0,011934"",""0,03955"",""1,5754"",""3,5977"",""11,506"",""36,561"""
"315,08,""0,22631"",""0,00023792"",""3,1701e-28"",""0,000453"",""0,0012115"",""0,005227"",""0,011492"",""0,038073"",""1,5043"",""3,4364"",""11,037"",""34,828"""
"315,5,""0,22529"",""0,00023775"",""2,6191e-28"",""0,0004518"",""0,0012081"",""0,005204"",""0,011434"",""0,037888"",""1,4956"",""3,4165"",""10,98"",""34,626"""
"316,6,""0,22268"",""0,0002373"",""1,6008e-28"",""0,0004485"",""0,0011994"",""0,005147"",""0,011282"",""0,037416"",""1,4737"",""3,3658"",""10,834"",""34,13"""
"321,16,""0,21225"",""0,00023547"",""2,0381e-29"",""0,0004352"",""0,0011645"",""0,004919"",""0,010573"",""0,035393"",""1,388"",""3,1624"",""10,255"",""32,712"""
"321,67,""0,21113"",""0,00023527"",""1,618e-29"",""0,0004337"",""0,0011608"",""0,004894"",""0,010487"",""0,033751"",""1,379"",""3,1405"",""10,193"",""32,448"""
"322,86,""0,20853"",""0,00023479"",""9,405e-30"",""0,0004304"",""0,0011521"",""0,004839"",""0,010285"",""0,033298"",""1,3582"",""3,0896"",""10,049"",""31,831"""
"323,23,""0,20775"",""0,00023465"",""7,975e-30"",""0,0004294"",""0,0011495"",""0,004822"",""0,010224"",""0,033167"",""1,3519"",""3,0744"",""10,006"",""31,645"""
"326,02,""0,20184"",""0,00023356"",""2,2211e-30"",""0,0004217"",""0,0011298"",""0,0047"",""0,009773"",""0,032201"",""1,3054"",""2,9589"",""9,679"",""30,237"""
"330,98,""0,18883"",""0,00023167"",""2,2625e-31"",""0,0004085"",""0,0010968"",""0,00451"",""0,009137"",""0,030631"",""1,2283"",""2,7653"",""9,127"",""27,886"""
"334,""0,18191"",""0,00023054"",""5,569e-32"",""0,0004008"",""0,0010778"",""0,004409"",""0,008837"",""0,029736"",""1,184"",""2,6547"",""8,806"",""26,548"""
"335,23,""0,1794"",""0,00023008"",""3,1307e-32"",""0,0003977"",""0,0010702"",""0,00437"",""0,008727"",""0,029382"",""1,1664"",""2,6111"",""8,677"",""26,02"""
"336,85,""0,17652"",""0,00022949"",""1,4718e-32"",""0,0003937"",""0,0010604"",""0,004322"",""0,008594"",""0,028929"",""1,1438"",""2,5557"",""8,512"",""25,346"""
"339,87,""0,17176"",""0,0002284"",""3,57e-33"",""0,00038633"",""0,0010424"",""0,004237"",""0,008368"",""0,028108"",""1,1029"",""2,4569"",""8,208"",""24,136"""
"339,98,""0,17158"",""0,00022836"",""3,3863e-33"",""0,00038606"",""0,0010418"",""0,004234"",""0,00836"",""0,028078"",""1,1014"",""2,4534"",""8,197"",""24,092"""
"344,36,""0,16413"",""0,0002268"",""4,278e-34"",""0,0003758"",""0,0010163"",""0,004122"",""0,008073"",""0,026945"",""1,0446"",""2,3215"",""7,767"",""22,443"""
"349,32,""0,15583"",""0,00022508"",""4,025e-35"",""0,00036464"",""0,0009879"",""0,004005"",""0,007784"",""0,025735"",""0,9834"",""2,1871"",""7,283"",""20,704"""
"349,43,""0,15565"",""0,00022504"",""3,8185e-35"",""0,00036439"",""0,0009873"",""0,004002"",""0,007778"",""0,025709"",""0,9821"",""2,1843"",""7,272"",""20,666"""
"354,28,""0,14809"",""0,0002234"",""3,723e-36"",""0,00035396"",""0,0009601"",""0,0038958"",""0,007523"",""0,024596"",""0,9253"",""2,0656"",""6,779"",""19,048"""
"356,56,""0,14474"",""0,00022264"",""1,2376e-36"",""0,00034921"",""0,0009475"",""0,0038477"",""0,00741"",""0,024094"",""0,8993"",""2,0132"",""6,535"",""18,083"""
"357,6,""0,14324"",""0,00022229"",""7,475e-37"",""0,00034707"",""0,0009418"",""0,0038261"",""0,007359"",""0,023868"",""0,8876"",""1,9899"",""6,422"",""17,855"""
"359,72,""0,14028"",""0,0002216"",""2,6685e-37"",""0,00034276"",""0,0009302"",""0,0037827"",""0,007259"",""0,023417"",""0,8641"",""1,9435"",""6,192"",""17,399"""
"367,78,""0,12975"",""0,00021902"",""5,201e-39"",""0,00032712"",""0,0008877"",""0,0036247"",""0,006904"",""0,021785"",""0,7782"",""1,7798"",""5,472"",""15,784"""
"369,72,""0,12726"",""0,00021841"",""1,9966e-39"",""0,0003235"",""0,0008777"",""0,0035877"",""0,006823"",""0,021405"",""0,7584"",""1,7428"",""5,344"",""15,42"""
"370,14,""0,12673"",""0,00021828"",""1,6251e-39"",""0,00032273"",""0,0008756"",""0,0035798"",""0,006806"",""0,021324"",""0,7542"",""1,735"",""5,319"",""15,343"""
"372,06,""0,1243"",""0,00021769"",""6,296e-40"",""0,00031923"",""0,0008659"",""0,0035436"",""0,006728"",""0,020949"",""0,7352"",""1,6996"",""5,205"",""14,996"""
"374,94,""0,12071"",""0,00021681"",""1,5125e-40"",""0,00031408"",""0,0008516"",""0,0034899"",""0,006615"",""0,019982"",""0,7076"",""1,6481"",""5,048"",""14,493"""
"379,04,""0,11578"",""0,00021557"",""1,9679e-41"",""0,00030695"",""0,0008317"",""0,0034141"",""0,006459"",""0,019307"",""0,6702"",""1,578"",""4,843"",""13,81"""
"380,61,""0,11395"",""0,0002151"",""8,963e-42"",""0,00030428"",""0,0008242"",""0,0033851"",""0,006401"",""0,019062"",""0,6565"",""1,552"",""4,769"",""13,558"""
"381,4,""0,11262"",""0,00021487"",""6,056e-42"",""0,00030296"",""0,0008205"",""0,0033706"",""0,006372"",""0,01894"",""0,6499"",""1,5392"",""4,733"",""13,434"""
"394,33,""0,0947"",""0,00021116"",""8,887e-45"",""0,00028235"",""0,0007624"",""0,0031348"",""0,005924"",""0,017003"",""0,555"",""1,346"",""4,182"",""11,572"""
"397,37,""0,09179"",""0,00021032"",""1,8918e-45"",""0,00027781"",""0,0007495"",""0,0030804"",""0,005825"",""0,01656"",""0,5368"",""1,3049"",""4,059"",""11,177"""
"402,53,""0,0879"",""0,00020892"",""1,3594e-46"",""0,00027035"",""0,0007283"",""0,0029896"",""0,00566"",""0,015816"",""0,5089"",""1,2388"",""3,8493"",""10,537"""
"403,01,""0,08756"",""0,00020879"",""1,0616e-46"",""0,00026967"",""0,0007264"",""0,0029811"",""0,005645"",""0,015746"",""0,5065"",""1,2328"",""3,8297"",""10,478"""
"404,64,""0,08637"",""0,00020835"",""4,583e-47"",""0,00026737"",""0,0007198"",""0,0029528"",""0,005594"",""0,015511"",""0,4984"",""1,2128"",""3,7629"",""10,28"""
"405,6,""0,08563"",""0,00020809"",""2,8018e-47"",""0,00026603"",""0,000716"",""0,0029362"",""0,005564"",""0,015375"",""0,4938"",""1,2013"",""3,7238"",""9,948"""
"406,6,""0,08479"",""0,00020783"",""1,6732e-47"",""0,00026465"",""0,0007121"",""0,0029191"",""0,005532"",""0,015232"",""0,4891"",""1,1893"",""3,683"",""9,829"""
"406,79,""0,08464"",""0,00020778"",""1,5231e-47"",""0,0002644"",""0,0007114"",""0,0029159"",""0,005526"",""0,015206"",""0,4883"",""1,1872"",""3,6755"",""9,808"""
"417,61,""0,07466"",""0,00020498"",""5,622e-50"",""0,00025012"",""0,0006707"",""0,0027375"",""0,005191"",""0,01372"",""0,4432"",""1,0673"",""3,2421"",""8,699"""
"418,57,""0,07398"",""0,00020474"",""3,4265e-50"",""0,00024891"",""0,0006673"",""0,0027227"",""0,005162"",""0,013595"",""0,4397"",""1,0575"",""3,2055"",""8,611"""
"420,55,""0,07276"",""0,00020424"",""1,216e-50"",""0,00024643"",""0,0006602"",""0,0026922"",""0,005101"",""0,013339"",""0,4324"",""1,0374"",""3,1301"",""8,431"""
"423,82,""0,07119"",""0,00020343"",""2,2088e-51"",""0,00024243"",""0,0006488"",""0,002644"",""0,005001"",""0,01293"",""0,4208"",""1,0053"",""3,0104"",""8,145"""
"429,52,""0,06866"",""0,00020204"",""1,116e-52"",""0,00023568"",""0,0006296"",""0,002565"",""0,004829"",""0,012258"",""0,4019"",""0,9523"",""2,8159"",""7,678"""
"437,19,""0,06289"",""0,00020021"",""1,9537e-54"",""0,00022701"",""0,0006049"",""0,002467"",""0,004608"",""0,011474"",""0,37844"",""0,8862"",""2,5841"",""7,104"""
"437,73,""0,06255"",""0,00020009"",""1,4719e-54"",""0,00022643"",""0,0006032"",""0,0024604"",""0,004593"",""0,011429"",""0,37688"",""0,8818"",""2,5693"",""7,066"""
"439,53,""0,06153"",""0,00019967"",""5,664e-55"",""0,00022446"",""0,0005976"",""0,0024383"",""0,004544"",""0,011307"",""0,3717"",""0,8672"",""2,5204"",""6,941"""
"439,77,""0,0614"",""0,00019961"",""4,998e-55"",""0,00022421"",""0,0005969"",""0,0024354"",""0,004538"",""0,011295"",""0,37103"",""0,8653"",""2,5142"",""6,924"""
"443,44,""0,05959"",""0,00019877"",""7,118e-56"",""0,0002203"",""0,0005857"",""0,0023912"",""0,004442"",""0,011579"",""0,36046"",""0,8366"",""2,4211"",""6,679"""
"443,9,""0,05936"",""0,00019866"",""5,586e-56"",""0,00021982"",""0,0005844"",""0,0023857"",""0,00443"",""0,011549"",""0,35907"",""0,8331"",""2,4101"",""6,65"""
"445,73,""0,05836"",""0,00019824"",""2,1073e-56"",""0,00021791"",""0,0005789"",""0,0023641"",""0,004385"",""0,011396"",""0,35314"",""0,8193"",""2,367"",""6,533"""
"448,7,""0,05649"",""0,00019757"",""4,334e-57"",""0,00021487"",""0,0005703"",""0,0023297"",""0,004314"",""0,011117"",""0,34267"",""0,7976"",""2,3011"",""6,351"""
"452,03,""0,05441"",""0,00019683"",""7,346e-58"",""0,00021153"",""0,0005608"",""0,0022919"",""0,004238"",""0,010802"",""0,33062"",""0,7742"",""2,2328"",""6,156"""
"455,16,""0,05277"",""0,00019614"",""1,373e-58"",""0,00020846"",""0,000552"",""0,0022572"",""0,004169"",""0,010516"",""0,31949"",""0,7529"",""2,1735"",""5,98"""
"467,07,""0,04834"",""0,00019359"",""2,2879e-61"",""0,00019737"",""0,0005205"",""0,0021332"",""0,00393"",""0,009546"",""0,2808"",""0,6791"",""1,9808"",""5,368"""
"468,79,""0,04751"",""0,00019323"",""9,039e-62"",""0,00019584"",""0,0005162"",""0,0021163"",""0,0038974"",""0,009421"",""0,27569"",""0,6693"",""1,9559"",""5,284"""
"472,17,""0,04551"",""0,00019253"",""1,4537e-62"",""0,00019289"",""0,0005078"",""0,0020839"",""0,0038355"",""0,009185"",""0,26597"",""0,6506"",""1,9086"",""5,123"""
"472,31,""0,04544"",""0,0001925"",""1,3439e-62"",""0,00019276"",""0,0005074"",""0,0020825"",""0,0038329"",""0,009175"",""0,26557"",""0,6499"",""1,9066"",""5,116"""
"473,46,""0,0449"",""0,00019227"",""7,223e-63"",""0,00019177"",""0,0005046"",""0,0020717"",""0,0038123"",""0,009098"",""0,26237"",""0,6437"",""1,891"",""5,062"""
"473,88,""0,04472"",""0,00019218"",""5,748e-63"",""0,00019141"",""0,0005036"",""0,0020678"",""0,0038048"",""0,00907"",""0,26121"",""0,6415"",""1,8853"",""5,042"""
"476,05,""0,04391"",""0,00019174"",""1,7701e-63"",""0,00018957"",""0,0004984"",""0,0020478"",""0,0037666"",""0,008929"",""0,25532"",""0,6302"",""1,8562"",""4,942"""
"486,27,""0,04057"",""0,0001897"",""6,855e-66"",""0,00018123"",""0,0004748"",""0,0019599"",""0,0035962"",""0,008324"",""0,22975"",""0,5804"",""1,726"",""4,496"""
"488,42,""0,03964"",""0,00018928"",""2,12e-66"",""0,00017954"",""0,00047"",""0,0019425"",""0,0035621"",""0,008206"",""0,22477"",""0,5705"",""1,6996"",""4,407"""
"494,95,""0,036799"",""0,00018802"",""5,956e-68"",""0,00017456"",""0,000456"",""0,0018919"",""0,003462"",""0,007867"",""0,21046"",""0,5415"",""1,6213"",""4,147"""
"510,25,""0,033156"",""0,00018518"",""1,3308e-71"",""0,00016366"",""0,0004252"",""0,001783"",""0,003246"",""0,007158"",""0,18114"",""0,4784"",""1,4486"",""3,5905"""
"510,61,""0,033072"",""0,00018511"",""1,0909e-71"",""0,00016341"",""0,0004245"",""0,0017806"",""0,0032412"",""0,007142"",""0,18051"",""0,477"",""1,4447"",""3,5779"""
"512,""0,032739"",""0,00018486"",""5,047e-72"",""0,00016247"",""0,0004219"",""0,0017712"",""0,0032227"",""0,007083"",""0,17811"",""0,4716"",""1,4296"",""3,5289"""
"514,83,""0,032016"",""0,00018435"",""1,0627e-72"",""0,00016059"",""0,0004166"",""0,0017526"",""0,0031859"",""0,006965"",""0,17337"",""0,4608"",""1,3995"",""3,428"""
"523,64,""0,029462"",""0,0001828"",""8,081e-75"",""0,00015491"",""0,0004007"",""0,0016963"",""0,0030752"",""0,006615"",""0,15956"",""0,4288"",""1,3077"",""3,0795"""
"524,53,""0,029221"",""0,00018265"",""4,953e-75"",""0,00015435"",""0,0003991"",""0,0016908"",""0,0030645"",""0,006582"",""0,15826"",""0,4257"",""1,2987"",""3,0579"""
"528,25,""0,028331"",""0,000182"",""6,26e-76"",""0,00015205"",""0,0003927"",""0,0016681"",""0,0030196"",""0,006442"",""0,15289"",""0,413"",""1,2607"",""2,9715"""
"533,91,""0,027117"",""0,00018104"",""2,7018e-77"",""0,00014866"",""0,0003832"",""0,0016344"",""0,0029528"",""0,006235"",""0,1452"",""0,3944"",""1,2035"",""2,8505"""
"534,57,""0,026963"",""0,00018093"",""1,8711e-77"",""0,00014827"",""0,00038211"",""0,0016306"",""0,0029451"",""0,006211"",""0,14433"",""0,3923"",""1,1968"",""2,8369"""
"534,71,""0,02693"",""0,00018091"",""1,7313e-77"",""0,00014819"",""0,00038188"",""0,0016297"",""0,0029434"",""0,006206"",""0,14415"",""0,3919"",""1,1953"",""2,8341"""
"544,33,""0,02476"",""0,00017932"",""8,12e-80"",""0,00014269"",""0,00036654"",""0,0015752"",""0,0028324"",""0,005837"",""0,13228"",""0,36259"",""1,0959"",""2,6478"""
"552,24,""0,023499"",""0,00017804"",""9,725e-82"",""0,00013839"",""0,00035456"",""0,0015324"",""0,0027424"",""0,005594"",""0,12346"",""0,34033"",""1,0126"",""2,508"""
"557,66,""0,022681"",""0,00017719"",""4,695e-83"",""0,00013555"",""0,00034668"",""0,0015042"",""0,0026818"",""0,005437"",""0,11788"",""0,32601"",""0,958"",""2,4184"""
"558,96,""0,022466"",""0,00017699"",""2,2647e-83"",""0,00013488"",""0,00034483"",""0,0014975"",""0,0026673"",""0,0054"",""0,11659"",""0,32267"",""0,9456"",""2,3976"""
"562,82,""0,021775"",""0,00017639"",""2,5893e-84"",""0,00013293"",""0,00033939"",""0,001478"",""0,0026247"",""0,005293"",""0,11288"",""0,31297"",""0,911"",""2,3372"""
"568,54,""0,020777"",""0,00017551"",""1,0432e-85"",""0,00013011"",""0,00033158"",""0,0014499"",""0,0025629"",""0,005141"",""0,10769"",""0,29922"",""0,8661"",""2,2518"""
"576,1,""0,019777"",""0,00017438"",""1,4836e-87"",""0,00012651"",""0,00032163"",""0,001414"",""0,0024839"",""0,004948"",""0,10138"",""0,28208"",""0,815"",""2,1458"""
"580,59,""0,019344"",""0,00017371"",""1,1839e-88"",""0,00012444"",""0,00031593"",""0,0013933"",""0,0024386"",""0,004839"",""0,09792"",""0,27242"",""0,7878"",""2,0866"""
"580,67,""0,019338"",""0,0001737"",""1,1344e-88"",""0,00012441"",""0,00031583"",""0,001393"",""0,0024378"",""0,004837"",""0,09787"",""0,27226"",""0,7873"",""2,0856"""
"590,04,""0,018484"",""0,00017235"",""5,733e-91"",""0,00012025"",""0,00030437"",""0,0013514"",""0,0023471"",""0,004619"",""0,09134"",""0,25329"",""0,7355"",""1,9712"""
"593,29,""0,017954"",""0,00017188"",""9,134e-92"",""0,00011886"",""0,00030054"",""0,0013374"",""0,0023169"",""0,004546"",""0,08929"",""0,24705"",""0,7188"",""1,9354"""
"597,14,""0,017308"",""0,00017134"",""1,0382e-92"",""0,00011724"",""0,00029609"",""0,0013212"",""0,0022819"",""0,004463"",""0,08701"",""0,23988"",""0,6997"",""1,9105"""
"600,29,""0,016822"",""0,0001709"",""1,7452e-93"",""0,00011593"",""0,00029251"",""0,0013081"",""0,002254"",""0,004396"",""0,08527"",""0,23418"",""0,6845"",""1,8682"""
"604,46,""0,016285"",""0,00017032"",""1,6492e-94"",""0,00011424"",""0,00028787"",""0,0012912"",""0,002218"",""0,004309"",""0,08313"",""0,22685"",""0,6651"",""1,8143"""
"618,45,""0,015279"",""0,00016844"",""5,94e-98"",""0,00010883"",""0,00027305"",""0,0012367"",""0,0021047"",""0,004035"",""0,07618"",""0,20391"",""0,6051"",""1,6471"""
"621,28,""0,015112"",""0,00016806"",""1,1914e-98"",""0,00010778"",""0,00027018"",""0,0012261"",""0,0020831"",""0,003983"",""0,07414"",""0,19954"",""0,5938"",""1,6157"""
"623,17,""0,014993"",""0,00016782"",""4,082e-99"",""0,00010709"",""0,00026829"",""0,0012192"",""0,002069"",""0,003948"",""0,07271"",""0,19666"",""0,5865"",""1,5952"""
"636,06,""0,013991"",""0,00016616"",""2,6847e-102"",""0,00010253"",""0,00025588"",""0,0011731"",""0,0019783"",""0,0037233"",""0,06332"",""0,17767"",""0,5397"",""1,4633"""
"638,55,""0,013754"",""0,00016584"",""6,505e-103"",""0,00010168"",""0,00025358"",""0,0011646"",""0,0019619"",""0,0036819"",""0,06172"",""0,1741"",""0,5313"",""1,4395"""
"643,94,""0,013186"",""0,00016517"",""3,0335e-104"",""9,988e-05"",""0,00024869"",""0,0011463"",""0,0019276"",""0,0035945"",""0,05853"",""0,16645"",""0,5142"",""1,3895"""
"648,58,""0,012734"",""0,0001646"",""2,1575e-105"",""9,837e-05"",""0,00024459"",""0,001131"",""0,0018992"",""0,0035215"",""0,05607"",""0,16007"",""0,5012"",""1,3481"""
"648,59,""0,012733"",""0,0001646"",""2,1453e-105"",""9,837e-05"",""0,00024459"",""0,001131"",""0,0018991"",""0,0035213"",""0,05606"",""0,16006"",""0,5077"",""1,3481"""
"654,17,""0,012316"",""0,00016392"",""8,95e-107"",""9,66e-05"",""0,00023979"",""0,0011129"",""0,0018665"",""0,0034363"",""0,05344"",""0,15342"",""0,4875"",""1,3004"""
"655,3,""0,012246"",""0,00016378"",""4,706e-107"",""9,624e-05"",""0,00023883"",""0,0011093"",""0,00186"",""0,0034195"",""0,05295"",""0,15227"",""0,4835"",""1,2911"""
"660,36,""0,011964"",""0,00016317"",""2,6329e-108"",""9,468e-05"",""0,00023462"",""0,0010934"",""0,0018319"",""0,0033455"",""0,05089"",""0,14777"",""0,4662"",""1,2501"""
"661,68,""0,011897"",""0,00016302"",""1,2412e-108"",""9,428e-05"",""0,00023353"",""0,0010893"",""0,0018247"",""0,0033265"",""0,05039"",""0,14671"",""0,4618"",""1,2397"""
"674,64,""0,011298"",""0,0001615"",""7,676e-112"",""9,048e-05"",""0,00022328"",""0,0010503"",""0,0017579"",""0,0031994"",""0,04602"",""0,13747"",""0,4212"",""1,143"""
"678,92,""0,0111"",""0,00016101"",""6,664e-113"",""8,927e-05"",""0,00022003"",""0,0010379"",""0,0017372"",""0,0031499"",""0,04475"",""0,13468"",""0,4088"",""1,1132"""
"688,84,""0,010436"",""0,0001599"",""2,3166e-115"",""8,656e-05"",""0,00021276"",""0,0010099"",""0,0016913"",""0,003037"",""0,04204"",""0,12848"",""0,38169"",""1,0479"""
"697,06,""0,010003"",""0,00015899"",""2,116e-117"",""8,441e-05"",""0,00020698"",""0,0009875"",""0,0016553"",""0,0029464"",""0,03998"",""0,12354"",""0,36093"",""0,9977"""
"707,99,""0,009498"",""0,00015781"",""4,117e-120"",""8,166e-05"",""0,00019965"",""0,0009589"",""0,00161"",""0,0028311"",""0,037436"",""0,1171"",""0,33551"",""0,9375"""
"717,18,""0,00908"",""0,00015684"",""2,1641e-122"",""7,946e-05"",""0,00019377"",""0,0009357"",""0,0015736"",""0,0027386"",""0,035393"",""0,11162"",""0,31591"",""0,9007"""
"718,15,""0,009036"",""0,00015674"",""1,2436e-122"",""7,923e-05"",""0,00019316"",""0,0009333"",""0,0015698"",""0,002729"",""0,035179"",""0,11103"",""0,31394"",""0,8961"""
"719,18,""0,00899"",""0,00015663"",""6,876e-123"",""7,898e-05"",""0,00019252"",""0,0009308"",""0,0015658"",""0,0027189"",""0,034951"",""0,11039"",""0,31184"",""0,8911"""
"719,91,""0,008957"",""0,00015656"",""4,533e-123"",""7,881e-05"",""0,00019207"",""0,000929"",""0,001563"",""0,0027118"",""0,034791"",""0,10994"",""0,31038"",""0,8876"""
"728,35,""0,008587"",""0,00015569"",""3,6529e-125"",""7,689e-05"",""0,00018694"",""0,0009087"",""0,001531"",""0,0026313"",""0,032949"",""0,10452"",""0,29419"",""0,8479"""
"733,56,""0,008368"",""0,00015516"",""1,8585e-126"",""7,573e-05"",""0,00018388"",""0,0008964"",""0,0015116"",""0,0025832"",""0,031827"",""0,10098"",""0,28492"",""0,8241"""
"737,81,""0,008194"",""0,00015474"",""1,6367e-127"",""7,481e-05"",""0,00018143"",""0,0008866"",""0,0014961"",""0,0025449"",""0,030927"",""0,09802"",""0,28294"",""0,8053"""
"757,61,""0,007444"",""0,0001528"",""2,0086e-132"",""7,071e-05"",""0,00017061"",""0,0008431"",""0,0014256"",""0,0023763"",""0,027098"",""0,0849"",""0,25203"",""0,7239"""
"764,9,""0,007189"",""0,00015211"",""3,13e-134"",""6,929e-05"",""0,00016686"",""0,0008278"",""0,0014002"",""0,0023182"",""0,025912"",""0,08078"",""0,24142"",""0,6964"""
"765,92,""0,007154"",""0,00015201"",""1,7459e-134"",""6,909e-05"",""0,00016634"",""0,0008257"",""0,0013967"",""0,0023102"",""0,025756"",""0,08024"",""0,23997"",""0,6927"""
"779,9,""0,006731"",""0,00015072"",""5,866e-138"",""6,648e-05"",""0,00015949"",""0,0007976"",""0,0013484"",""0,0022045"",""0,023834"",""0,07347"",""0,22126"",""0,6437"""
"786,9,""0,00655"",""0,00015008"",""1,0784e-139"",""6,523e-05"",""0,00015621"",""0,0007841"",""0,0013243"",""0,0021543"",""0,022964"",""0,07047"",""0,2126"",""0,6208"""
"792,4,""0,006416"",""0,00014959"",""4,733e-141"",""6,427e-05"",""0,00015371"",""0,0007738"",""0,0013054"",""0,0021162"",""0,022304"",""0,06827"",""0,20613"",""0,6035"""
"808,1,""0,006047"",""0,00014821"",""6,107e-145"",""6,165e-05"",""0,00014686"",""0,0007452"",""0,0012511"",""0,0020126"",""0,020428"",""0,06256"",""0,18887"",""0,5573"""
"813,6,""0,005904"",""0,00014774"",""2,6653e-146"",""6,076e-05"",""0,00014456"",""0,0007356"",""0,0012322"",""0,0019783"",""0,019749"",""0,06075"",""0,18325"",""0,5422"""
"815,8,""0,005841"",""0,00014755"",""7,605e-147"",""6,042e-05"",""0,00014366"",""0,0007318"",""0,0012247"",""0,0019649"",""0,01947"",""0,06005"",""0,18106"",""0,5363"""
"821,3,""0,005704"",""0,00014709"",""3,4299e-148"",""5,957e-05"",""0,00014145"",""0,0007226"",""0,0012061"",""0,0019324"",""0,018759"",""0,05837"",""0,17577"",""0,5221"""
"824,3,""0,005639"",""0,00014684"",""6,061e-149"",""5,91e-05"",""0,00014024"",""0,0007175"",""0,0011957"",""0,0019147"",""0,018353"",""0,05747"",""0,1729"",""0,5143"""
"829,6,""0,005532"",""0,00014639"",""2,9136e-150"",""5,83e-05"",""0,00013815"",""0,0007086"",""0,0011778"",""0,0018846"",""0,01764"",""0,05594"",""0,16799"",""0,5012"""
"845,5,""0,005208"",""0,0001451"",""3,5883e-154"",""5,6e-05"",""0,00013221"",""0,0006834"",""0,0011256"",""0,0018026"",""0,015666"",""0,05178"",""0,15438"",""0,4616"""
"854,6,""0,004966"",""0,00014437"",""1,9842e-156"",""5,473e-05"",""0,00012895"",""0,0006694"",""0,0010966"",""0,0017599"",""0,014721"",""0,04962"",""0,14711"",""0,4407"""
"861,8,""0,004804"",""0,00014381"",""3,2657e-158"",""5,376e-05"",""0,00012644"",""0,0006587"",""0,0010742"",""0,001724"",""0,014092"",""0,04802"",""0,14164"",""0,4251"""
"862,""0,004802"",""0,0001438"",""3,0351e-158"",""5,374e-05"",""0,0001264"",""0,0006585"",""0,0010739"",""0,0017234"",""0,014081"",""0,04799"",""0,14155"",""0,4248"""
"864,5,""0,004766"",""0,0001436"",""7,423e-159"",""5,342e-05"",""0,00012556"",""0,0006549"",""0,0010663"",""0,0017106"",""0,013889"",""0,04746"",""0,13973"",""0,4196"""
"867,9,""0,004725"",""0,00014334"",""1,0438e-159"",""5,296e-05"",""0,00012439"",""0,0006499"",""0,001056"",""0,0016927"",""0,013638"",""0,04675"",""0,13724"",""0,4125"""
"886,""0,004559"",""0,00014196"",""3,72e-164"",""5,069e-05"",""0,00011857"",""0,0006247"",""0,0010046"",""0,0016009"",""0,012554"",""0,04327"",""0,12505"",""0,3776"""
"913,6,""0,00423"",""0,00013995"",""6,171e-171"",""4,749e-05"",""0,0001104"",""0,0005889"",""0,000935"",""0,0014725"",""0,011295"",""0,03856"",""0,10874"",""0,3311"""
"913,9,""0,004227"",""0,00013993"",""5,309e-171"",""4,746e-05"",""0,00011032"",""0,0005885"",""0,0009344"",""0,0014713"",""0,011284"",""0,038516"",""0,1086"",""0,33068"""
"928,""0,004049"",""0,00013894"",""1,7944e-174"",""4,593e-05"",""0,00010644"",""0,0005714"",""0,0009031"",""0,0014116"",""0,010711"",""0,036253"",""0,10119"",""0,3096"""
"940,5,""0,0038752"",""0,00013808"",""1,5731e-177"",""4,464e-05"",""0,00010318"",""0,0005568"",""0,0008779"",""0,0013622"",""0,010172"",""0,034277"",""0,09513"",""0,29237"""
"947,5,""0,0037622"",""0,00013761"",""3,0951e-179"",""4,395e-05"",""0,00010141"",""0,000549"",""0,0008647"",""0,001336"",""0,009841"",""0,033167"",""0,09191"",""0,28326"""
"963,5,""0,0035268"",""0,00013654"",""3,7715e-183"",""4,24e-05"",""9,753e-05"",""0,0005315"",""0,0008369"",""0,0012794"",""0,009091"",""0,030576"",""0,08497"",""0,26365"""
"964,6,""0,0035153"",""0,00013647"",""2,0651e-183"",""4,23e-05"",""9,727e-05"",""0,0005304"",""0,0008352"",""0,0012758"",""0,009046"",""0,030402"",""0,08453"",""0,2624"""
"981,2,""0,0033843"",""0,0001354"",""1,8664e-187"",""4,079e-05"",""9,348e-05"",""0,0005132"",""0,00081"",""0,0012233"",""0,008415"",""0,02771"",""0,07797"",""0,24398"""
"986,""0,0033538"",""0,0001351"",""1,2689e-188"",""4,037e-05"",""9,242e-05"",""0,0005084"",""0,0008033"",""0,0012093"",""0,008253"",""0,02694"",""0,07618"",""0,23897"""
"992,""0,0033158"",""0,00013472"",""4,553e-190"",""3,986e-05"",""9,114e-05"",""0,0005025"",""0,0007953"",""0,0011927"",""0,008061"",""0,025994"",""0,07401"",""0,23294"""
"1014,7,""0,0031581"",""0,00013333"",""1,4308e-195"",""3,7986e-05"",""8,646e-05"",""0,0004811"",""0,0007683"",""0,0011376"",""0,007414"",""0,022514"",""0,06633"",""0,21172"""
"1017,""0,0031386"",""0,00013319"",""3,8842e-196"",""3,78e-05"",""8,599e-05"",""0,000479"",""0,0007658"",""0,0011326"",""0,007354"",""0,022171"",""0,06558"",""0,20968"""
"1028,9,""0,0030427"",""0,00013248"",""5,225e-199"",""3,6877e-05"",""8,37e-05"",""0,0004684"",""0,0007538"",""0,0011099"",""0,007067"",""0,020511"",""0,06194"",""0,19982"""
"1032,9,""0,0030106"",""0,00013224"",""5,488e-200"",""3,657e-05"",""8,294e-05"",""0,0004648"",""0,0007499"",""0,0011031"",""0,006976"",""0,019991"",""0,06075"",""0,19666"""
"1039,6,""0,002958"",""0,00013185"",""1,3265e-201"",""3,6071e-05"",""8,17e-05"",""0,0004591"",""0,0007439"",""0,0010927"",""0,006831"",""0,019206"",""0,05883"",""0,19412"""
"1048,""0,0028929"",""0,00013137"",""1,2959e-203"",""3,5463e-05"",""8,019e-05"",""0,000452"",""0,0007368"",""0,0010813"",""0,00666"",""0,018366"",""0,05653"",""0,1873"""
"1053,5,""0,0028493"",""0,00013105"",""5,877e-205"",""3,5064e-05"",""7,92e-05"",""0,0004474"",""0,0007324"",""0,0010742"",""0,006552"",""0,017881"",""0,05505"",""0,18286"""
"1070,8,""0,0027189"",""0,00013008"",""4,29e-209"",""3,3876e-05"",""7,627e-05"",""0,0004337"",""0,00072"",""0,0010502"",""0,006239"",""0,016659"",""0,05073"",""0,17"""
"1081,2,""0,0026489"",""0,00012951"",""1,3652e-211"",""3,3185e-05"",""7,457e-05"",""0,0004256"",""0,0007134"",""0,0010332"",""0,006064"",""0,016054"",""0,0483"",""0,16284"""
"1082,4,""0,0026414"",""0,00012944"",""7,039e-212"",""3,3107e-05"",""7,437e-05"",""0,0004247"",""0,0007126"",""0,0010312"",""0,006045"",""0,015988"",""0,04802"",""0,16204"""
"1108,8,""0,0024983"",""0,00012802"",""3,2414e-218"",""3,1446e-05"",""7,03e-05"",""0,0004054"",""0,0006986"",""0,0009944"",""0,005636"",""0,014687"",""0,04243"",""0,14586"""
"1111,8,""0,0024838"",""0,00012787"",""6,53e-219"",""3,1271e-05"",""6,987e-05"",""0,0004033"",""0,0006973"",""0,0009912"",""0,005594"",""0,014557"",""0,04186"",""0,14424"""
"1121,5,""0,0024354"",""0,00012736"",""3,082e-221"",""3,0695e-05"",""6,846e-05"",""0,0003966"",""0,0006931"",""0,000981"",""0,005453"",""0,014137"",""0,04003"",""0,13901"""
"1143,5,""0,0023226"",""0,00012624"",""1,8429e-226"",""2,9453e-05"",""6,543e-05"",""0,00038198"",""0,0006852"",""0,0009608"",""0,005154"",""0,013255"",""0,036324"",""0,12825"""
"1156,5,""0,0022528"",""0,0001256"",""1,5323e-229"",""2,8754e-05"",""6,373e-05"",""0,00037374"",""0,0006814"",""0,0009499"",""0,004989"",""0,012765"",""0,03568"",""0,12241"""
"1158,3,""0,0022425"",""0,00012551"",""5,457e-230"",""2,8654e-05"",""6,348e-05"",""0,00037256"",""0,0006809"",""0,0009484"",""0,004965"",""0,012695"",""0,035393"",""0,12158"""
"1172,""0,0021708"",""0,00012484"",""3,2479e-233"",""2,7949e-05"",""6,177e-05"",""0,00036424"",""0,0006776"",""0,0009377"",""0,004803"",""0,012197"",""0,033329"",""0,11582"""
"1190,3,""0,002092"",""0,00012397"",""1,5156e-237"",""2,7039e-05"",""5,957e-05"",""0,00035346"",""0,000674"",""0,0009241"",""0,004599"",""0,011531"",""0,030703"",""0,10818"""
"1194,4,""0,0020771"",""0,00012377"",""1,6513e-238"",""2,6843e-05"",""5,91e-05"",""0,00035113"",""0,0006733"",""0,0009212"",""0,004556"",""0,011383"",""0,030147"",""0,10619"""
"1201,3,""0,0020535"",""0,00012345"",""3,903e-240"",""2,6515e-05"",""5,831e-05"",""0,00034724"",""0,0006723"",""0,0009164"",""0,004485"",""0,011133"",""0,029232"",""0,10063"""
"1205,7,""0,0020394"",""0,00012325"",""3,609e-241"",""2,6309e-05"",""5,781e-05"",""0,00034479"",""0,0006718"",""0,0009133"",""0,004441"",""0,010975"",""0,028666"",""0,09878"""
"1247,7,""0,0019276"",""0,00012136"",""5,314e-251"",""2,446e-05"",""5,338e-05"",""0,00032272"",""0,0006686"",""0,0008859"",""0,004055"",""0,009596"",""0,023839"",""0,0853"""
"1250,1,""0,001905"",""0,00012125"",""1,4966e-251"",""2,4362e-05"",""5,314e-05"",""0,00032155"",""0,0006685"",""0,0008844"",""0,004035"",""0,009529"",""0,023597"",""0,08464"""
"1278,3,""0,0017657"",""0,00012004"",""4,1e-258"",""2,3232e-05"",""5,044e-05"",""0,00030797"",""0,0006685"",""0,0008675"",""0,0038085"",""0,008787"",""0,020918"",""0,07723"""
"1292,3,""0,001722"",""0,00011945"",""2,2322e-261"",""2,2696e-05"",""4,917e-05"",""0,00030152"",""0,0006691"",""0,0008594"",""0,0037037"",""0,008455"",""0,019724"",""0,07384"""
"1300,7,""0,0017"",""0,00011911"",""2,5105e-263"",""2,2384e-05"",""4,843e-05"",""0,00029776"",""0,0006696"",""0,0008547"",""0,0036433"",""0,008267"",""0,019982"",""0,0719"""
"1319,6,""0,0016571"",""0,00011834"",""1,1035e-267"",""2,1708e-05"",""4,683e-05"",""0,00028958"",""0,0006711"",""0,0008443"",""0,0035143"",""0,007869"",""0,018867"",""0,06777"""
"1339,6,""0,0016175"",""0,00011754"",""2,7907e-272"",""2,1024e-05"",""4,521e-05"",""0,00028128"",""0,0006732"",""0,0008337"",""0,0033865"",""0,007481"",""0,017704"",""0,06369"""
"1349,4,""0,0015988"",""0,00011716"",""1,5243e-274"",""2,0699e-05"",""4,445e-05"",""0,00027732"",""0,0006745"",""0,0008286"",""0,0033265"",""0,007301"",""0,017153"",""0,06178"""
"1368,2,""0,0015636"",""0,00011644"",""7,567e-279"",""2,0098e-05"",""4,303e-05"",""0,00027"",""0,0006772"",""0,0008192"",""0,0032178"",""0,006976"",""0,01615"",""0,05831"""
"1394,8,""0,0015108"",""0,00011544"",""6,513e-285"",""1,929e-05"",""4,114e-05"",""0,00026012"",""0,0006817"",""0,0008062"",""0,0030756"",""0,006557"",""0,01484"",""0,05378"""
"1445,3,""0,0014021"",""0,00011362"",""2,3952e-296"",""1,7883e-05"",""3,7861e-05"",""0,00024283"",""0,0006924"",""0,0007831"",""0,0028383"",""0,00586"",""0,012678"",""0,04615"""
"1472,4,""0,0013566"",""0,00011269"",""1,8677e-302"",""1,7188e-05"",""3,6249e-05"",""0,00023424"",""0,000699"",""0,0007713"",""0,0027259"",""0,005522"",""0,011678"",""0,04245"""
"1478,4,""0,0013474"",""0,00011249"",""8,504e-304"",""1,704e-05"",""3,5908e-05"",""0,00023241"",""0,0007006"",""0,0007688"",""0,0027024"",""0,00545"",""0,011473"",""0,04165"""
"1479,7,""0,0013455"",""0,00011244"",""4,359e-304"",""1,7008e-05"",""3,5834e-05"",""0,00023202"",""0,0007009"",""0,0007682"",""0,0026974"",""0,005435"",""0,011429"",""0,04148"""
"1499,""0,001317"",""0,0001118"",""2,1153e-308"",""1,6546e-05"",""3,4766e-05"",""0,00022627"",""0,0007061"",""0,0007602"",""0,0026247"",""0,005209"",""0,011282"",""0,038889"""
"1506,1,""0,0013065"",""0,00011156"",""5,417e-310"",""1,6379e-05"",""3,4383e-05"",""0,00022421"",""0,0007081"",""0,0007573"",""0,0025989"",""0,005129"",""0,01118"",""0,037916"""
"1509,8,""0,0013012"",""0,00011144"",""8,299e-311"",""1,6295e-05"",""3,4189e-05"",""0,00022316"",""0,0007092"",""0,0007558"",""0,0025859"",""0,005089"",""0,011113"",""0,037428"""
"1520,6,""0,0012852"",""0,00011109"",""3,1435e-313"",""1,6048e-05"",""3,362e-05"",""0,00022008"",""0,0007123"",""0,0007515"",""0,0025478"",""0,004972"",""0,010899"",""0,036324"""
"1574,6,""0,0012075"",""0,00010939"",0,""1,4899e-05"",""3,0989e-05"",""0,00020572"",""0,0007292"",""0,0007307"",""0,0023742"",""0,004469"",""0,009808"",""0,032838"""
"1590,9,""0,0011842"",""0,00010889"",0,""1,4575e-05"",""3,025e-05"",""0,00020164"",""0,0007346"",""0,0007247"",""0,0023258"",""0,004341"",""0,009496"",""0,031487"""
"1615,8,""0,0011501"",""0,00010815"",0,""1,41e-05"",""2,9171e-05"",""0,00019567"",""0,0007433"",""0,0007158"",""0,002255"",""0,004165"",""0,009043"",""0,029362"""
"1618,3,""0,0011468"",""0,00010807"",0,""1,4055e-05"",""2,9068e-05"",""0,00019509"",""0,0007441"",""0,0007149"",""0,0022482"",""0,004149"",""0,009"",""0,029154"""
"1671,6,""0,0010777"",""0,00010654"",0,""1,3117e-05"",""2,6945e-05"",""0,00018322"",""0,0007639"",""0,0006968"",""0,0021075"",""0,0038328"",""0,008126"",""0,024899"""
"1681,1,""0,0010661"",""0,00010628"",0,""1,296e-05"",""2,6592e-05"",""0,00018123"",""0,0007675"",""0,0006936"",""0,0020839"",""0,0037826"",""0,007983"",""0,024211"""
"1683,7,""0,0010629"",""0,00010621"",0,""1,2916e-05"",""2,6494e-05"",""0,00018067"",""0,0007685"",""0,0006928"",""0,0020772"",""0,0037687"",""0,007944"",""0,024021"""
"1729,9,""0,0010093"",""0,00010495"",0,""1,2192e-05"",""2,4868e-05"",""0,00017144"",""0,000787"",""0,0006781"",""0,0019669"",""0,003541"",""0,007299"",""0,021048"""
"1752,4,""0,000985"",""0,00010436"",0,""1,1861e-05"",""2,4127e-05"",""0,0001672"",""0,0007964"",""0,0006712"",""0,001916"",""0,003437"",""0,00701"",""0,020508"""
"1794,5,""0,0009428"",""0,00010328"",0,""1,1276e-05"",""2,2824e-05"",""0,00015969"",""0,0008145"",""0,0006588"",""0,0018261"",""0,0032412"",""0,006512"",""0,018275"""
"1817,7,""0,0009211"",""0,0001027"",0,""1,0971e-05"",""2,2147e-05"",""0,00015575"",""0,0008249"",""0,0006522"",""0,0017793"",""0,0029982"",""0,006257"",""0,017196"""
"1869,""0,000877"",""0,00010146"",0,""1,0338e-05"",""2,0751e-05"",""0,00014758"",""0,0008484"",""0,0006381"",""0,0016829"",""0,0027963"",""0,005741"",""0,015211"""
"1900,7,""0,0008521"",""0,00010072"",0,""9,975e-06"",""1,9951e-05"",""0,00014285"",""0,0008634"",""0,0006298"",""0,001628"",""0,0026919"",""0,005451"",""0,014204"""
"2015,7,""0,0007734"",""9,818e-05"",0,""8,8e-06"",""1,7387e-05"",""0,00012747"",""0,0009211"",""0,0006015"",""0,0014591"",""0,002373"",""0,004554"",""0,011394"""
"2017,3,""0,0007724"",""9,815e-05"",0,""8,786e-06"",""1,7356e-05"",""0,00012728"",""0,0009219"",""0,0006012"",""0,0014571"",""0,0023692"",""0,004544"",""0,011363"""
"2030,4,""0,0007645"",""9,787e-05"",0,""8,666e-06"",""1,7095e-05"",""0,0001257"",""0,0009287"",""0,0005982"",""0,0014408"",""0,0023376"",""0,004485"",""0,011108"""
"2085,7,""0,0007326"",""9,674e-05"",0,""8,183e-06"",""1,6052e-05"",""0,00011931"",""0,0009583"",""0,0005858"",""0,0013772"",""0,0022131"",""0,004133"",""0,010168"""
"2121,5,""0,0007134"",""9,603e-05"",0,""7,891e-06"",""1,5424e-05"",""0,00011543"",""0,0009779"",""0,0005781"",""0,0013398"",""0,002139"",""0,003932"",""0,009782"""
"2154,1,""0,0006968"",""9,54e-05"",0,""7,638e-06"",""1,4883e-05"",""0,00011207"",""0,0009962"",""0,0005713"",""0,0013077"",""0,0020753"",""0,0037668"",""0,009406"""
"2220,9,""0,0006651"",""9,415e-05"",0,""7,157e-06"",""1,3856e-05"",""0,00010563"",""0,0010345"",""0,000558"",""0,0012471"",""0,0019528"",""0,0034748"",""0,008323"""
"2236,9,""0,000658"",""9,386e-05"",0,""7,048e-06"",""1,3626e-05"",""0,00010417"",""0,0010439"",""0,0005549"",""0,0012335"",""0,0019249"",""0,0034141"",""0,008086"""
"2357,7,""0,0006084"",""9,176e-05"",0,""6,3e-06"",""1,2046e-05"",""9,407e-05"",""0,0011171"",""0,0005328"",""0,0011388"",""0,0017266"",""0,003043"",""0,006623"""
"2447,""0,0005761"",""9,031e-05"",0,""5,82e-06"",""1,1041e-05"",""8,752e-05"",""0,0011739"",""0,0005178"",""0,0010769"",""0,0015863"",""0,0028393"",""0,005955"""
"2480,6,""0,0005648"",""8,979e-05"",0,""5,653e-06"",""1,0694e-05"",""8,524e-05"",""0,0011958"",""0,0005124"",""0,0010551"",""0,0014962"",""0,0027733"",""0,005775"""
"2493,8,""0,0005605"",""8,958e-05"",0,""5,589e-06"",""1,0562e-05"",""8,436e-05"",""0,0012045"",""0,0005103"",""0,0010467"",""0,0014735"",""0,0027477"",""0,005708"""
"2511,""0,0005549"",""8,932e-05"",0,""5,508e-06"",""1,0393e-05"",""8,325e-05"",""0,0012159"",""0,0005076"",""0,001036"",""0,0014484"",""0,002673"",""0,005617"""
"2512,8,""0,0005543"",""8,929e-05"",0,""5,5e-06"",""1,0376e-05"",""8,313e-05"",""0,0012171"",""0,0005073"",""0,0010349"",""0,0014459"",""0,0026673"",""0,005607"""
"2515,""0,0005536"",""8,926e-05"",0,""5,489e-06"",""1,0354e-05"",""8,299e-05"",""0,0012185"",""0,000507"",""0,0010335"",""0,0014429"",""0,0026605"",""0,005594"""
"2614,2,""0,0005237"",""8,78e-05"",0,""5,054e-06"",""9,457e-06"",""7,699e-05"",""0,0012859"",""0,0004921"",""0,0009751"",""0,0013254"",""0,002409"",""0,004849"""
"2750,6,""0,0004871"",""8,592e-05"",0,""4,535e-06"",""8,394e-06"",""6,975e-05"",""0,0013828"",""0,0004733"",""0,0009028"",""0,0011926"",""0,0021387"",""0,004199"""
"2898,8,""0,0004524"",""8,403e-05"",0,""4,054e-06"",""7,423e-06"",""6,3e-05"",""0,0014933"",""0,0004547"",""0,0008324"",""0,0010716"",""0,0019132"",""0,0036433"""
"2951,3,""0,0004412"",""8,339e-05"",0,""3,902e-06"",""7,117e-06"",""6,084e-05"",""0,0015338"",""0,0004485"",""0,0008089"",""0,0010332"",""0,0018464"",""0,0034597"""
"3013,3,""0,0004286"",""8,266e-05"",0,""3,7329e-06"",""6,778e-06"",""5,844e-05"",""0,0015826"",""0,0004415"",""0,0007817"",""0,0009904"",""0,0017742"",""0,0032412"""
"3090,""0,0004139"",""8,179e-05"",0,""3,5378e-06"",""6,39e-06"",""5,565e-05"",""0,0016442"",""0,0004331"",""0,0007478"",""0,000941"",""0,0016927"",""0,0030649"""
"3152,7,""0,0004026"",""8,11e-05"",0,""3,3894e-06"",""6,096e-06"",""5,353e-05"",""0,0016956"",""0,0004265"",""0,0007563"",""0,0009031"",""0,0016314"",""0,0029213"""
"3518,6,""0,00034619"",""7,745e-05"",0,""2,6814e-06"",""4,712e-06"",""4,325e-05"",""0,0020153"",""0,0003923"",""0,0013794"",""0,0009135"",""0,0013358"",""0,002195"""
"3562,3,""0,00034041"",""7,705e-05"",0,""2,6117e-06"",""4,578e-06"",""4,223e-05"",""0,0020557"",""0,00038866"",""0,0015492"",""0,0010218"",""0,0013054"",""0,0021218"""
"3657,6,""0,00032839"",""7,62e-05"",0,""2,4685e-06"",""4,303e-06"",""4,012e-05"",""0,0021454"",""0,00038095"",""0,0020633"",""0,001413"",""0,0012411"",""0,0019783"""
"3899,7,""0,00030106"",""7,419e-05"",0,""2,153e-06"",""3,7023e-06"",""3,5424e-05"",""0,0023831"",""0,00036288"",""0,005242"",""0,005455"",""0,0010883"",""0,0017067"""
"4003,9,""0,00029052"",""7,338e-05"",0,""2,0351e-06"",""3,4801e-06"",""3,3655e-05"",""0,0024899"",""0,0003557"",""0,008564"",""0,012483"",""0,0010296"",""0,001607"""
